timestamp,production,consumption,battery_charge,battery_discharge,grid_feedin,grid_consumption,battery_state_of_charge,direct_consumption
2025-01-01T00:00:00+01:00,0,2354,0,1,0,2352,0,0
2025-01-01T03:00:00+01:00,0,2323,0,2,0,2322,0,0
2025-01-01T06:00:00+01:00,20,2567,31,2,0,2576,0,20
2025-01-01T09:00:00+01:00,5117,2091,3139,0,48,162,6,2091
2025-01-01T12:00:00+01:00,3706,3853,1671,1791,29,55,24,3706
2025-01-01T15:00:00+01:00,163,2733,0,1735,9,844,6,163
2025-01-01T18:00:00+01:00,0,2529,0,2,0,2527,0,0
2025-01-01T21:00:00+01:00,0,2322,0,2,0,2319,0,0
2025-01-02T00:00:00+01:00,0,2307,0,3,0,2304,0,0
2025-01-02T03:00:00+01:00,0,6106,31,2,0,6134,0,0
2025-01-02T06:00:00+01:00,0,56516,121,0,0,56637,0,0
2025-01-02T09:00:00+01:00,5201,59021,0,1,0,53820,0,5201
2025-01-02T12:00:00+01:00,7359,56481,81,1,0,49201,0,7359
2025-01-02T15:00:00+01:00,1570,49048,43,1,0,47519,0,1570
2025-01-02T18:00:00+01:00,0,47537,34,2,0,47569,0,0
2025-01-02T21:00:00+01:00,0,41979,47,2,0,42025,0,0
2025-01-03T00:00:00+01:00,0,13569,111,2,0,13678,0,0
2025-01-03T03:00:00+01:00,0,14417,40,2,0,14456,0,0
2025-01-03T06:00:00+01:00,0,54022,90,1,0,54111,0,0
2025-01-03T09:00:00+01:00,6626,54227,74,1,0,47674,0,6626
2025-01-03T12:00:00+01:00,7346,51156,47,1,0,43856,0,7346
2025-01-03T15:00:00+01:00,1195,39593,53,2,0,38449,0,1195
2025-01-03T18:00:00+01:00,0,42962,30,2,0,42990,0,0
2025-01-03T21:00:00+01:00,0,33351,77,2,0,33426,0,0
2025-01-04T00:00:00+01:00,0,3470,84,2,0,3552,0,0
2025-01-04T03:00:00+01:00,0,3554,28,2,0,3581,0,0
2025-01-04T06:00:00+01:00,1,3964,137,1,0,4100,0,1
2025-01-04T09:00:00+01:00,3256,3593,966,69,15,1247,1,3256
2025-01-04T12:00:00+01:00,8586,4567,12327,0,31,8336,30,4567
2025-01-04T15:00:00+01:00,1605,4841,1323,745,35,3854,90,1605
2025-01-04T18:00:00+01:00,0,3942,0,865,0,3077,56,0
2025-01-04T21:00:00+01:00,0,3401,0,732,0,2668,28,0
2025-01-05T00:00:00+01:00,0,3456,2300,319,0,5435,20,0
2025-01-05T03:00:00+01:00,0,3451,1427,1644,0,3235,93,0
2025-01-05T06:00:00+01:00,0,3694,0,2714,0,982,74,0
2025-01-05T09:00:00+01:00,954,3169,1856,1599,1,2472,56,954
2025-01-05T12:00:00+01:00,2611,3184,5312,653,70,5306,92,2611
2025-01-05T15:00:00+01:00,103,3379,0,3229,29,76,80,103
2025-01-05T18:00:00+01:00,0,3355,0,3283,19,91,52,0
2025-01-05T21:00:00+01:00,0,3156,0,3096,19,78,26,0
2025-01-06T00:00:00+01:00,0,3157,0,1459,9,1707,4,0
2025-01-06T03:00:00+01:00,0,8540,0,2,0,8539,0,0
2025-01-06T06:00:00+01:00,0,63461,0,1,0,63461,0,0
2025-01-06T09:00:00+01:00,2393,62581,0,1,0,60187,0,2393
2025-01-06T12:00:00+01:00,3229,51040,75,2,0,47885,0,3229
2025-01-06T15:00:00+01:00,692,45371,42,2,0,44719,0,692
2025-01-06T18:00:00+01:00,0,41556,37,2,0,41591,0,0
2025-01-06T21:00:00+01:00,0,35162,77,2,0,35237,0,0
2025-01-07T00:00:00+01:00,0,13439,75,2,0,13511,0,0
2025-01-07T03:00:00+01:00,0,13826,74,1,0,13899,0,0
2025-01-07T06:00:00+01:00,159,56446,25,1,0,56310,0,159
2025-01-07T09:00:00+01:00,3858,55521,128,1,0,51790,0,3858
2025-01-07T12:00:00+01:00,8219,62601,0,2,0,54381,0,8219
2025-01-07T15:00:00+01:00,852,50424,79,2,0,49649,0,852
2025-01-07T18:00:00+01:00,0,45052,55,2,0,45104,0,0
2025-01-07T21:00:00+01:00,0,41692,59,3,0,41749,0,0
2025-01-08T00:00:00+01:00,0,16884,88,2,0,16970,0,0
2025-01-08T03:00:00+01:00,0,13654,36,2,0,13688,0,0
2025-01-08T06:00:00+01:00,54,66579,55,1,0,66579,0,54
2025-01-08T09:00:00+01:00,6002,62197,94,1,0,56287,0,6002
2025-01-08T12:00:00+01:00,10913,60692,0,2,0,49777,0,10913
2025-01-08T15:00:00+01:00,1720,51679,115,2,0,50071,0,1720
2025-01-08T18:00:00+01:00,0,42093,45,3,0,42135,0,0
2025-01-08T21:00:00+01:00,0,37822,26,3,0,37845,0,0
2025-01-09T00:00:00+01:00,0,16590,115,2,0,16703,0,0
2025-01-09T03:00:00+01:00,0,15525,50,2,0,15572,0,0
2025-01-09T06:00:00+01:00,0,62936,100,1,0,63034,0,0
2025-01-09T09:00:00+01:00,0,65256,7,3,0,65261,0,0
2025-01-09T12:00:00+01:00,0,66229,79,3,0,66305,0,0
2025-01-09T15:00:00+01:00,0,49985,77,3,0,50059,0,0
2025-01-09T18:00:00+01:00,0,48775,79,3,0,48851,0,0
2025-01-09T21:00:00+01:00,0,44061,0,4,0,44058,0,0
2025-01-10T00:00:00+01:00,0,13279,79,3,0,13355,0,0
2025-01-10T03:00:00+01:00,0,15316,53,2,0,15366,0,0
2025-01-10T06:00:00+01:00,0,61683,90,2,0,61771,0,0
2025-01-10T09:00:00+01:00,1,59599,48,3,0,59643,0,1
2025-01-10T12:00:00+01:00,3,56257,77,3,0,56329,0,3
2025-01-10T15:00:00+01:00,1,47377,79,3,0,47453,0,1
2025-01-10T18:00:00+01:00,0,46956,43,3,0,46997,0,0
2025-01-10T21:00:00+01:00,0,30383,36,3,0,30415,0,0
2025-01-11T00:00:00+01:00,0,3510,78,2,0,3586,0,0
2025-01-11T03:00:00+01:00,0,4222,47,2,0,4268,0,0
2025-01-11T06:00:00+01:00,0,5006,75,2,0,5079,0,0
2025-01-11T09:00:00+01:00,23,4315,69,2,0,4359,0,23
2025-01-11T12:00:00+01:00,173,3264,71,2,0,3160,0,173
2025-01-11T15:00:00+01:00,0,4216,51,2,0,4265,0,0
2025-01-11T18:00:00+01:00,0,3733,79,2,0,3810,0,0
2025-01-11T21:00:00+01:00,0,3532,34,2,0,3564,0,0
2025-01-12T00:00:00+01:00,0,3594,79,2,0,3671,0,0
2025-01-12T03:00:00+01:00,0,3537,7,2,0,3543,0,0
2025-01-12T06:00:00+01:00,0,3858,146,1,0,4003,0,0
2025-01-12T09:00:00+01:00,109,3322,1,2,0,3213,0,109
2025-01-12T12:00:00+01:00,248,3201,78,1,0,3029,0,248
2025-01-12T15:00:00+01:00,0,3562,78,2,0,3638,0,0
2025-01-12T18:00:00+01:00,0,3781,76,2,0,3855,0,0
2025-01-12T21:00:00+01:00,0,3569,35,2,0,3602,0,0
2025-01-13T00:00:00+01:00,0,3545,44,1,0,3588,0,0
2025-01-13T03:00:00+01:00,0,8806,79,1,0,8884,0,0
2025-01-13T06:00:00+01:00,0,48079,74,1,0,48153,0,0
2025-01-13T09:00:00+01:00,622,54649,34,1,0,54060,0,622
2025-01-13T12:00:00+01:00,2479,61758,78,2,0,59355,0,2479
2025-01-13T15:00:00+01:00,380,41099,77,2,0,40794,0,380
2025-01-13T18:00:00+01:00,0,36510,78,2,0,36587,0,0
2025-01-13T21:00:00+01:00,0,32501,0,3,0,32498,0,0
2025-01-14T00:00:00+01:00,0,15372,113,2,0,15484,0,0
2025-01-14T03:00:00+01:00,0,17815,13,1,0,17826,0,0
2025-01-14T06:00:00+01:00,0,56215,81,1,0,56294,0,0
2025-01-14T09:00:00+01:00,939,57188,34,2,0,56281,0,939
2025-01-14T12:00:00+01:00,877,58708,105,2,0,57935,0,877
2025-01-14T15:00:00+01:00,175,43951,79,2,0,43852,0,175
2025-01-14T18:00:00+01:00,0,47318,43,3,0,47359,0,0
2025-01-14T21:00:00+01:00,0,42606,69,3,0,42673,0,0
2025-01-15T00:00:00+01:00,0,15837,44,3,0,15878,0,0
2025-01-15T03:00:00+01:00,0,18020,45,2,0,18062,0,0
2025-01-15T06:00:00+01:00,0,59780,58,2,0,59836,0,0
2025-01-15T09:00:00+01:00,1237,54407,89,2,0,53257,0,1237
2025-01-15T12:00:00+01:00,2242,57467,43,3,0,55265,0,2242
2025-01-15T15:00:00+01:00,195,43494,78,3,0,43374,0,195
2025-01-15T18:00:00+01:00,0,43534,111,3,0,43641,0,0
2025-01-15T21:00:00+01:00,0,40174,2,4,0,40173,0,0
2025-01-16T00:00:00+01:00,0,14360,79,3,0,14437,0,0
2025-01-16T03:00:00+01:00,0,17004,4,3,0,17005,0,0
2025-01-16T06:00:00+01:00,0,58652,121,2,0,58771,0,0
2025-01-16T09:00:00+01:00,2407,60542,31,2,0,58164,0,2407
2025-01-16T12:00:00+01:00,4454,55895,78,2,0,51516,0,4454
2025-01-16T15:00:00+01:00,940,43363,23,3,0,42443,0,940
2025-01-16T18:00:00+01:00,0,42042,128,2,0,42168,0,0
2025-01-16T21:00:00+01:00,0,41653,43,3,0,41692,0,0
2025-01-17T00:00:00+01:00,0,13604,43,3,0,13643,0,0
2025-01-17T03:00:00+01:00,0,15935,75,2,0,16008,0,0
2025-01-17T06:00:00+01:00,27,63575,39,2,0,63585,0,27
2025-01-17T09:00:00+01:00,8725,52859,36,2,0,44168,0,8725
2025-01-17T12:00:00+01:00,17745,52223,120,2,0,34596,0,17745
2025-01-17T15:00:00+01:00,3071,45685,36,3,0,42646,0,3071
2025-01-17T18:00:00+01:00,0,42043,38,4,0,42077,0,0
2025-01-17T21:00:00+01:00,0,30186,118,3,0,30301,0,0
2025-01-18T00:00:00+01:00,0,3146,36,3,0,3180,0,0
2025-01-18T03:00:00+01:00,0,3824,0,2,0,3822,0,0
2025-01-18T06:00:00+01:00,56,3523,150,2,0,3615,0,56
2025-01-18T09:00:00+01:00,9003,2807,6432,0,40,274,15,2807
2025-01-18T12:00:00+01:00,13292,2885,8237,0,2249,77,77,2885
2025-01-18T15:00:00+01:00,2767,3519,0,2171,1523,104,95,2767
2025-01-18T18:00:00+01:00,0,4172,0,4025,3,148,64,0
2025-01-18T21:00:00+01:00,0,3101,0,2953,1,150,37,0
2025-01-19T00:00:00+01:00,0,3198,0,2733,2,467,12,0
2025-01-19T03:00:00+01:00,0,3223,0,5,0,3218,1,0
2025-01-19T06:00:00+01:00,49,4646,0,2,0,4595,1,49
2025-01-19T09:00:00+01:00,11910,6096,6736,0,48,970,13,6096
2025-01-19T12:00:00+01:00,20601,3038,7829,1,9762,29,89,3038
2025-01-19T15:00:00+01:00,3443,3016,116,1641,2052,98,96,3016
2025-01-19T18:00:00+01:00,0,3392,0,3220,2,175,72,0
2025-01-19T21:00:00+01:00,0,3133,0,2971,2,165,47,0
2025-01-20T00:00:00+01:00,0,3149,0,2922,2,228,22,0
2025-01-20T03:00:00+01:00,0,8417,0,1084,1,7333,2,0
2025-01-20T06:00:00+01:00,4,62931,0,1,0,62927,1,4
2025-01-20T09:00:00+01:00,3340,65244,0,1,0,61904,1,3340
2025-01-20T12:00:00+01:00,7688,63858,0,2,0,56167,0,7688
2025-01-20T15:00:00+01:00,1463,46282,38,2,0,44855,0,1463
2025-01-20T18:00:00+01:00,0,46035,72,2,0,46106,0,0
2025-01-20T21:00:00+01:00,0,42916,37,3,0,42951,0,0
2025-01-21T00:00:00+01:00,0,15243,73,3,0,15314,0,0
2025-01-21T03:00:00+01:00,0,16318,72,2,0,16388,0,0
2025-01-21T06:00:00+01:00,63,62553,70,2,0,62559,0,63
2025-01-21T09:00:00+01:00,13114,58982,36,2,0,45902,0,13114
2025-01-21T12:00:00+01:00,21121,59299,3,4,0,38177,0,21121
2025-01-21T15:00:00+01:00,3665,44196,138,2,0,40668,0,3665
2025-01-21T18:00:00+01:00,0,41587,17,3,0,41601,0,0
2025-01-21T21:00:00+01:00,0,38349,90,3,0,38436,0,0
2025-01-22T00:00:00+01:00,0,13996,65,3,0,14059,0,0
2025-01-22T03:00:00+01:00,0,14246,76,1,0,14320,1,0
2025-01-22T06:00:00+01:00,102,58948,36,1,0,58880,0,102
2025-01-22T09:00:00+01:00,10693,60683,69,2,0,50057,0,10693
2025-01-22T12:00:00+01:00,12571,59767,69,2,0,47263,0,12571
2025-01-22T15:00:00+01:00,2502,47585,39,3,0,45120,0,2502
2025-01-22T18:00:00+01:00,0,46171,65,2,0,46234,0,0
2025-01-22T21:00:00+01:00,0,43274,34,4,0,43305,0,0
2025-01-23T00:00:00+01:00,0,16520,105,3,0,16622,0,0
2025-01-23T03:00:00+01:00,0,15913,29,2,0,15940,0,0
2025-01-23T06:00:00+01:00,0,60125,75,2,0,60198,0,0
2025-01-23T09:00:00+01:00,2755,57771,69,3,0,55083,0,2755
2025-01-23T12:00:00+01:00,9003,58080,69,3,0,49143,0,9003
2025-01-23T15:00:00+01:00,1132,46907,35,3,0,45807,0,1132
2025-01-23T18:00:00+01:00,0,44243,69,3,0,44309,0,0
2025-01-23T21:00:00+01:00,0,42471,69,3,0,42538,0,0
2025-01-24T00:00:00+01:00,0,15482,35,3,0,15514,0,0
2025-01-24T03:00:00+01:00,0,15120,70,2,0,15189,1,0
2025-01-24T06:00:00+01:00,97,56789,68,2,0,56758,0,97
2025-01-24T09:00:00+01:00,6889,55382,70,2,0,48561,1,6889
2025-01-24T12:00:00+01:00,7165,60481,60,3,0,53373,0,7165
2025-01-24T15:00:00+01:00,644,51569,45,3,0,50967,0,644
2025-01-24T18:00:00+01:00,0,47094,105,3,0,47195,0,0
2025-01-24T21:00:00+01:00,0,31809,34,3,0,31840,0,0
2025-01-25T00:00:00+01:00,0,3354,70,3,0,3421,0,0
2025-01-25T03:00:00+01:00,0,4039,35,3,0,4071,0,0
2025-01-25T06:00:00+01:00,43,4326,70,2,0,4350,0,43
2025-01-25T09:00:00+01:00,1221,3836,49,3,0,2663,0,1221
2025-01-25T12:00:00+01:00,4856,3389,1933,23,0,439,3,3389
2025-01-25T15:00:00+01:00,2639,3367,1096,1559,0,260,15,2639
2025-01-25T18:00:00+01:00,0,5309,0,430,0,4877,1,0
2025-01-25T21:00:00+01:00,0,4476,0,2,0,4474,1,0
2025-01-26T00:00:00+01:00,0,3579,0,2,0,3577,1,0
2025-01-26T03:00:00+01:00,0,3538,77,2,0,3613,0,0
2025-01-26T06:00:00+01:00,7,4316,70,2,0,4376,0,7
2025-01-26T09:00:00+01:00,2620,6637,36,2,0,4051,0,2620
2025-01-26T12:00:00+01:00,6443,3387,3402,20,10,337,7,3387
2025-01-26T15:00:00+01:00,3121,3143,1488,1347,8,171,28,3121
2025-01-26T18:00:00+01:00,0,3637,0,2210,2,1432,7,0
2025-01-26T21:00:00+01:00,0,3211,0,2,0,3209,1,0
2025-01-27T00:00:00+01:00,0,3317,0,3,0,3314,1,0
2025-01-27T03:00:00+01:00,0,9803,35,2,0,9836,1,0
2025-01-27T06:00:00+01:00,65,57692,76,1,0,57702,0,65
2025-01-27T09:00:00+01:00,8054,59138,56,1,0,51138,0,8054
2025-01-27T12:00:00+01:00,14501,61152,84,1,0,46734,0,14501
2025-01-27T15:00:00+01:00,2939,46882,103,2,0,44044,0,2939
2025-01-27T18:00:00+01:00,0,44478,43,2,0,44518,0,0
2025-01-27T21:00:00+01:00,0,38621,103,3,0,38722,0,0
2025-01-28T00:00:00+01:00,0,14283,116,5,0,14393,0,0
2025-01-28T03:00:00+01:00,0,16435,69,3,0,16501,1,0
2025-01-28T06:00:00+01:00,367,57914,0,3,0,57544,1,367
2025-01-28T09:00:00+01:00,15906,59922,103,2,0,44117,1,15906
2025-01-28T12:00:00+01:00,26584,62461,54,3,0,35929,1,26584
2025-01-28T15:00:00+01:00,2018,51208,91,2,0,49279,1,2018
2025-01-28T18:00:00+01:00,0,51776,69,3,0,51843,1,0
2025-01-28T21:00:00+01:00,0,46360,111,3,0,46468,1,0
2025-01-29T00:00:00+01:00,0,14239,70,3,0,14306,1,0
2025-01-29T03:00:00+01:00,0,15994,2,3,0,15993,1,0
2025-01-29T06:00:00+01:00,131,63065,144,2,0,63076,1,131
2025-01-29T09:00:00+01:00,7424,68782,34,3,0,61390,1,7424
2025-01-29T12:00:00+01:00,10749,75128,112,2,0,64489,1,10749
2025-01-29T15:00:00+01:00,3358,56280,34,3,0,52953,1,3358
2025-01-29T18:00:00+01:00,0,50215,103,2,0,50316,1,0
2025-01-29T21:00:00+01:00,0,47812,96,3,0,47905,1,0
2025-01-30T00:00:00+01:00,0,17583,165,34,0,17712,1,0
2025-01-30T03:00:00+01:00,0,19077,70,2,0,19145,2,0
2025-01-30T06:00:00+01:00,305,69029,35,2,0,68756,2,305
2025-01-30T09:00:00+01:00,4427,71181,35,2,0,66788,1,4427
2025-01-30T12:00:00+01:00,4763,70589,69,3,0,65893,1,4763
2025-01-30T15:00:00+01:00,999,55774,114,2,0,54887,1,999
2025-01-30T18:00:00+01:00,0,51155,70,2,0,51223,1,0
2025-01-30T21:00:00+01:00,0,45021,35,4,0,45053,1,0
2025-01-31T00:00:00+01:00,0,14071,150,2,0,14218,1,0
2025-01-31T03:00:00+01:00,0,15189,28,3,0,15214,1,0
2025-01-31T06:00:00+01:00,499,67073,120,2,0,66692,2,499
2025-01-31T09:00:00+01:00,13271,68659,34,3,0,55420,1,13271
2025-01-31T12:00:00+01:00,17312,68894,114,2,0,51693,2,17312
2025-01-31T15:00:00+01:00,3890,49303,55,3,0,45465,2,3890
2025-01-31T18:00:00+01:00,0,47691,49,3,0,47737,2,0
2025-01-31T21:00:00+01:00,0,37602,148,2,0,37748,2,0
2025-02-01T00:00:00+01:00,0,2970,550,326,0,3192,2,0
2025-02-01T03:00:00+01:00,0,3770,8,2,0,3775,2,0
2025-02-01T06:00:00+01:00,293,4557,30,2,0,4291,2,293
2025-02-01T09:00:00+01:00,20345,3551,14618,0,2264,85,39,3551
2025-02-01T12:00:00+01:00,33063,2507,203,0,30354,0,99,2507
2025-02-01T15:00:00+01:00,7376,2718,70,972,5640,81,97,2718
2025-02-01T18:00:00+01:00,0,3133,0,2971,0,162,78,0
2025-02-01T21:00:00+01:00,0,3061,0,2894,2,169,54,0
2025-02-02T00:00:00+01:00,0,3033,0,2810,1,223,30,0
2025-02-02T03:00:00+01:00,0,3142,0,2102,1,1041,7,0
2025-02-02T06:00:00+01:00,320,3825,0,1,0,3504,0,320
2025-02-02T09:00:00+01:00,21449,5284,14422,0,1939,199,36,5284
2025-02-02T12:00:00+01:00,33454,2889,165,0,30401,0,99,2889
2025-02-02T15:00:00+01:00,7248,2781,92,961,5420,83,98,2781
2025-02-02T18:00:00+01:00,0,3270,0,3103,0,165,77,0
2025-02-02T21:00:00+01:00,0,3116,0,2945,0,173,53,0
2025-02-03T00:00:00+01:00,0,3095,0,2874,1,224,29,0
2025-02-03T03:00:00+01:00,0,9025,0,2007,5,7020,3,0
2025-02-03T06:00:00+01:00,353,70920,0,2,0,70565,0,353
2025-02-03T09:00:00+01:00,21169,74207,0,3,0,53036,0,21169
2025-02-03T12:00:00+01:00,33161,68292,0,3,0,35128,0,33161
2025-02-03T15:00:00+01:00,8027,50652,37,3,0,42659,0,8027
2025-02-03T18:00:00+01:00,0,51327,81,2,0,51405,0,0
2025-02-03T21:00:00+01:00,0,47248,37,3,0,47282,0,0
2025-02-04T00:00:00+01:00,0,13630,45,2,0,13672,0,0
2025-02-04T03:00:00+01:00,0,15569,73,1,0,15641,0,0
2025-02-04T06:00:00+01:00,615,66084,79,1,0,65547,0,615
2025-02-04T09:00:00+01:00,18803,67041,72,1,0,48309,0,18803
2025-02-04T12:00:00+01:00,32248,69749,45,3,0,37544,0,32248
2025-02-04T15:00:00+01:00,5391,56638,71,2,0,51316,0,5391
2025-02-04T18:00:00+01:00,0,55753,100,3,0,55851,0,0
2025-02-04T21:00:00+01:00,0,52477,19,3,0,52493,0,0
2025-02-05T00:00:00+01:00,0,20754,69,2,0,20821,0,0
2025-02-05T03:00:00+01:00,0,17816,0,2,0,17814,0,0
2025-02-05T06:00:00+01:00,256,75393,150,1,0,75286,0,256
2025-02-05T09:00:00+01:00,6921,72928,0,2,0,66005,0,6921
2025-02-05T12:00:00+01:00,6718,71173,115,2,0,64568,0,6718
2025-02-05T15:00:00+01:00,1763,53431,34,3,0,51700,0,1763
2025-02-05T18:00:00+01:00,0,49989,116,3,0,50102,0,0
2025-02-05T21:00:00+01:00,0,46244,0,3,0,46241,0,0
2025-02-06T00:00:00+01:00,0,18406,36,3,0,18439,0,0
2025-02-06T03:00:00+01:00,0,15447,77,2,0,15522,0,0
2025-02-06T06:00:00+01:00,3,66642,74,2,0,66710,0,3
2025-02-06T09:00:00+01:00,2717,71722,70,2,0,69074,0,2717
2025-02-06T12:00:00+01:00,5956,71390,69,3,0,65500,0,5956
2025-02-06T15:00:00+01:00,1537,55745,81,3,0,54287,0,1537
2025-02-06T18:00:00+01:00,0,56745,0,4,0,56742,0,0
2025-02-06T21:00:00+01:00,0,51928,94,3,0,52019,0,0
2025-02-07T00:00:00+01:00,0,20338,56,3,0,20391,0,0
2025-02-07T03:00:00+01:00,0,17578,35,2,0,17611,0,0
2025-02-07T06:00:00+01:00,194,70437,80,2,0,70321,0,194
2025-02-07T09:00:00+01:00,4960,71942,35,3,0,67014,0,4960
2025-02-07T12:00:00+01:00,6288,77292,127,2,0,71128,0,6288
2025-02-07T15:00:00+01:00,1825,54760,22,3,0,52954,0,1825
2025-02-07T18:00:00+01:00,0,52972,71,3,0,53039,0,0
2025-02-07T21:00:00+01:00,0,36838,78,2,0,36914,0,0
2025-02-08T00:00:00+01:00,0,3095,36,3,0,3129,0,0
2025-02-08T03:00:00+01:00,0,3903,35,2,0,3936,0,0
2025-02-08T06:00:00+01:00,445,4171,80,2,0,3804,0,445
2025-02-08T09:00:00+01:00,11438,3968,7999,1,299,825,15,3968
2025-02-08T12:00:00+01:00,32588,2579,6693,0,23326,11,93,2579
2025-02-08T15:00:00+01:00,7792,2745,134,800,5777,65,98,2745
2025-02-08T18:00:00+01:00,0,3282,0,3123,1,160,79,0
2025-02-08T21:00:00+01:00,0,3099,0,2932,2,175,54,0
2025-02-09T00:00:00+01:00,0,3186,0,2974,2,212,30,0
2025-02-09T03:00:00+01:00,0,3245,0,1946,0,1298,6,0
2025-02-09T06:00:00+01:00,921,3401,239,1,0,2719,0,921
2025-02-09T09:00:00+01:00,14609,5591,9072,38,86,100,25,5591
2025-02-09T12:00:00+01:00,24003,3070,5279,0,15669,14,94,3070
2025-02-09T15:00:00+01:00,7560,3002,155,786,5247,58,98,3002
2025-02-09T18:00:00+01:00,0,3260,0,3104,2,159,79,0
2025-02-09T21:00:00+01:00,0,3058,0,2905,2,158,55,0
2025-02-10T00:00:00+01:00,0,3093,0,2897,0,195,31,0
2025-02-10T03:00:00+01:00,0,9762,0,2154,4,7612,4,0
2025-02-10T06:00:00+01:00,506,78453,0,1,0,77946,0,506
2025-02-10T09:00:00+01:00,14264,75381,0,1,0,61117,0,14264
2025-02-10T12:00:00+01:00,19351,71300,0,2,0,51946,0,19351
2025-02-10T15:00:00+01:00,2315,58353,38,3,0,56073,0,2315
2025-02-10T18:00:00+01:00,0,57230,82,3,0,57310,0,0
2025-02-10T21:00:00+01:00,0,52476,37,3,0,52511,0,0
2025-02-11T00:00:00+01:00,0,15419,81,3,0,15497,0,0
2025-02-11T03:00:00+01:00,0,16628,37,2,0,16663,0,0
2025-02-11T06:00:00+01:00,196,72724,46,2,0,72572,0,196
2025-02-11T09:00:00+01:00,5966,70665,61,2,0,64758,0,5966
2025-02-11T12:00:00+01:00,5182,71768,45,2,0,66628,0,5182
2025-02-11T15:00:00+01:00,1347,59231,71,3,0,57952,0,1347
2025-02-11T18:00:00+01:00,0,55085,79,3,0,55161,0,0
2025-02-11T21:00:00+01:00,0,50631,71,3,0,50699,0,0
2025-02-12T00:00:00+01:00,0,15508,0,4,0,15505,0,0
2025-02-12T03:00:00+01:00,0,15828,109,2,0,15936,0,0
2025-02-12T06:00:00+01:00,674,70362,76,2,0,69762,0,674
2025-02-12T09:00:00+01:00,18059,68171,0,2,0,50111,0,18059
2025-02-12T12:00:00+01:00,24171,71694,115,1,0,47637,0,24171
2025-02-12T15:00:00+01:00,2526,57802,34,2,0,55308,0,2526
2025-02-12T18:00:00+01:00,0,56707,108,2,0,56813,0,0
2025-02-12T21:00:00+01:00,0,52140,8,3,0,52145,0,0
2025-02-13T00:00:00+01:00,0,15472,86,3,0,15555,0,0
2025-02-13T03:00:00+01:00,0,15732,21,3,0,15750,0,0
2025-02-13T06:00:00+01:00,50,69301,81,2,0,69330,0,50
2025-02-13T09:00:00+01:00,2122,72779,36,3,0,70690,0,2122
2025-02-13T12:00:00+01:00,4738,72063,114,3,0,67437,0,4738
2025-02-13T15:00:00+01:00,1671,57373,35,3,0,55734,0,1671
2025-02-13T18:00:00+01:00,0,59415,36,3,0,59448,0,0
2025-02-13T21:00:00+01:00,0,54133,115,3,0,54245,0,0
2025-02-14T00:00:00+01:00,0,15478,35,3,0,15509,0,0
2025-02-14T03:00:00+01:00,0,17410,71,2,0,17479,0,0
2025-02-14T06:00:00+01:00,0,68907,44,2,0,68950,0,0
2025-02-14T09:00:00+01:00,2754,70162,70,2,0,67476,0,2754
2025-02-14T12:00:00+01:00,9817,68776,79,2,0,59036,0,9817
2025-02-14T15:00:00+01:00,1551,56119,36,3,0,54601,0,1551
2025-02-14T18:00:00+01:00,0,55643,35,3,0,55674,0,0
2025-02-14T21:00:00+01:00,0,50234,115,2,0,50346,0,0
2025-02-15T00:00:00+01:00,0,13371,36,3,0,13403,0,0
2025-02-15T03:00:00+01:00,0,19788,36,2,0,19822,1,0
2025-02-15T06:00:00+01:00,325,56768,96,2,0,56537,0,325
2025-02-15T09:00:00+01:00,8536,56642,53,2,0,48157,0,8536
2025-02-15T12:00:00+01:00,20605,33097,6528,1,486,19502,11,20605
2025-02-15T15:00:00+01:00,6119,3238,3929,907,14,155,65,3238
2025-02-15T18:00:00+01:00,0,3556,0,3417,3,143,50,0
2025-02-15T21:00:00+01:00,0,3528,0,3358,1,168,23,0
2025-02-16T00:00:00+01:00,0,3545,0,722,0,2822,2,0
2025-02-16T03:00:00+01:00,0,3657,0,1,0,3655,1,0
2025-02-16T06:00:00+01:00,1596,4007,493,1,0,2903,1,1596
2025-02-16T09:00:00+01:00,27960,6252,14109,23,7692,69,54,6252
2025-02-16T12:00:00+01:00,36877,3140,140,1,33597,0,99,3140
2025-02-16T15:00:00+01:00,12745,3853,86,834,9689,49,98,3853
2025-02-16T18:00:00+01:00,0,3905,0,3760,3,150,76,0
2025-02-16T21:00:00+01:00,0,3554,0,3389,1,166,48,0
2025-02-17T00:00:00+01:00,0,3653,0,3443,1,209,20,0
2025-02-17T03:00:00+01:00,0,9767,0,553,1,9216,1,0
2025-02-17T06:00:00+01:00,1471,73694,0,2,0,72222,0,1471
2025-02-17T09:00:00+01:00,30207,70875,0,2,0,40666,0,30207
2025-02-17T12:00:00+01:00,42970,78421,0,2,0,35448,0,42970
2025-02-17T15:00:00+01:00,13048,57566,75,3,0,44590,0,13048
2025-02-17T18:00:00+01:00,0,58454,43,2,0,58495,0,0
2025-02-17T21:00:00+01:00,0,50739,37,4,0,50773,0,0
2025-02-18T00:00:00+01:00,0,18492,82,3,0,18571,0,0
2025-02-18T03:00:00+01:00,0,17256,37,2,0,17291,0,0
2025-02-18T06:00:00+01:00,1892,74013,112,1,0,72232,0,1892
2025-02-18T09:00:00+01:00,31418,68566,40,3,0,37186,0,31418
2025-02-18T12:00:00+01:00,43976,75235,45,3,0,31302,0,43976
2025-02-18T15:00:00+01:00,12694,58833,71,2,0,46208,0,12694
2025-02-18T18:00:00+01:00,0,61212,34,3,0,61244,0,0
2025-02-18T21:00:00+01:00,0,57284,116,3,0,57397,0,0
2025-02-19T00:00:00+01:00,0,19719,17,3,0,19733,0,0
2025-02-19T03:00:00+01:00,0,17947,88,2,0,18034,0,0
2025-02-19T06:00:00+01:00,2746,73537,14494,1,0,85281,28,2746
2025-02-19T09:00:00+01:00,27298,73662,22,9441,0,36945,26,27298
2025-02-19T12:00:00+01:00,36860,75281,38,1,0,38457,1,36860
2025-02-19T15:00:00+01:00,6945,60519,38,1,0,53611,0,6945
2025-02-19T18:00:00+01:00,0,58700,38,1,0,58737,0,0
2025-02-19T21:00:00+01:00,0,51357,78,1,0,51432,2,0
2025-02-20T00:00:00+01:00,0,16575,9326,1,0,25897,26,0
2025-02-20T03:00:00+01:00,0,17095,1097,12250,248,6190,45,0
2025-02-20T06:00:00+01:00,1437,71962,1,0,0,70526,1,1437
2025-02-20T09:00:00+01:00,19610,70461,0,1,0,50851,1,19610
2025-02-20T12:00:00+01:00,26358,74229,0,1,0,47870,0,26358
2025-02-20T15:00:00+01:00,7604,60228,40,2,0,52661,0,7604
2025-02-20T18:00:00+01:00,0,60406,80,2,0,60485,0,0
2025-02-20T21:00:00+01:00,0,55702,38,2,0,55738,0,0
2025-02-21T00:00:00+01:00,0,16090,36,3,0,16123,0,0
2025-02-21T03:00:00+01:00,0,16963,89,2,0,17050,0,0
2025-02-21T06:00:00+01:00,986,68126,27,1,0,67166,0,986
2025-02-21T09:00:00+01:00,27297,70106,72,2,0,42879,0,27297
2025-02-21T12:00:00+01:00,34731,72782,43,2,0,38092,0,34731
2025-02-21T15:00:00+01:00,9501,60594,107,2,0,51198,0,9501
2025-02-21T18:00:00+01:00,0,57127,43,2,0,57167,0,0
2025-02-21T21:00:00+01:00,0,42555,71,2,0,42623,0,0
2025-02-22T00:00:00+01:00,0,2748,35,3,0,2780,0,0
2025-02-22T03:00:00+01:00,0,19109,36,3,0,19143,0,0
2025-02-22T06:00:00+01:00,1217,53577,114,2,0,52471,0,1217
2025-02-22T09:00:00+01:00,29771,53758,5,2,0,23989,0,29771
2025-02-22T12:00:00+01:00,26440,17260,12671,0,187,3677,33,17260
2025-02-22T15:00:00+01:00,7775,2809,2049,576,3564,73,98,2809
2025-02-22T18:00:00+01:00,0,3137,0,2971,2,168,81,0
2025-02-22T21:00:00+01:00,0,2738,0,2576,2,164,59,0
2025-02-23T00:00:00+01:00,0,2741,0,2518,0,223,38,0
2025-02-23T03:00:00+01:00,0,2768,0,2572,0,195,16,0
2025-02-23T06:00:00+01:00,1889,3235,726,475,1,1597,1,1889
2025-02-23T09:00:00+01:00,29896,4945,13838,0,11248,135,56,4945
2025-02-23T12:00:00+01:00,42146,2515,134,1,39506,0,99,2515
2025-02-23T15:00:00+01:00,12328,2461,119,212,9987,27,99,2461
2025-02-23T18:00:00+01:00,0,2889,0,2729,1,160,86,0
2025-02-23T21:00:00+01:00,0,2768,0,2590,0,178,64,0
2025-02-24T00:00:00+01:00,0,2726,0,2505,0,225,43,0
2025-02-24T03:00:00+01:00,0,6300,0,3752,19,2563,19,0
2025-02-24T06:00:00+01:00,1001,72757,1,1,0,71757,1,1001
2025-02-24T09:00:00+01:00,12589,71575,0,1,0,58985,0,12589
2025-02-24T12:00:00+01:00,20904,69112,0,1,0,48207,0,20904
2025-02-24T15:00:00+01:00,5483,54578,0,2,0,49092,0,5483
2025-02-24T18:00:00+01:00,0,52788,39,3,0,52824,0,0
2025-02-24T21:00:00+01:00,0,47176,50,3,0,47223,0,0
2025-02-25T00:00:00+01:00,0,14682,64,3,0,14743,0,0
2025-02-25T03:00:00+01:00,0,17175,0,3,0,17173,0,0
2025-02-25T06:00:00+01:00,2536,72201,116,1,0,69780,0,2536
2025-02-25T09:00:00+01:00,33786,75650,36,2,0,41898,0,33786
2025-02-25T12:00:00+01:00,34507,73205,116,1,0,38813,0,34507
2025-02-25T15:00:00+01:00,7835,53693,0,3,0,45855,0,7835
2025-02-25T18:00:00+01:00,0,51786,43,3,0,51826,0,0
2025-02-25T21:00:00+01:00,0,50811,109,2,0,50917,0,0
2025-02-26T00:00:00+01:00,0,18179,37,3,0,18213,0,0
2025-02-26T03:00:00+01:00,0,15685,33,2,0,15716,0,0
2025-02-26T06:00:00+01:00,380,68309,96,1,0,68024,0,380
2025-02-26T09:00:00+01:00,10470,71801,61,2,0,61390,0,10470
2025-02-26T12:00:00+01:00,26978,75288,74,2,0,48381,0,26978
2025-02-26T15:00:00+01:00,9881,54158,37,3,0,44311,0,9881
2025-02-26T18:00:00+01:00,1,52740,88,2,0,52824,0,1
2025-02-26T21:00:00+01:00,0,45955,63,3,0,46015,0,0
2025-02-27T00:00:00+01:00,0,14834,36,3,0,14867,0,0
2025-02-27T03:00:00+01:00,0,16961,37,2,0,16995,0,0
2025-02-27T06:00:00+01:00,961,76011,113,1,0,75162,0,961
2025-02-27T09:00:00+01:00,18569,82287,39,2,0,63755,0,18569
2025-02-27T12:00:00+01:00,26745,77432,133,2,0,50816,0,26745
2025-02-27T15:00:00+01:00,7555,59462,0,3,0,51904,0,7555
2025-02-27T18:00:00+01:00,3,54882,69,3,0,54945,0,3
2025-02-27T21:00:00+01:00,0,50547,4,4,0,50547,0,0
2025-02-28T00:00:00+01:00,0,15826,91,3,0,15914,0,0
2025-02-28T03:00:00+01:00,0,15569,39,3,0,15606,0,0
2025-02-28T06:00:00+01:00,218,77133,80,1,0,76993,0,218
2025-02-28T09:00:00+01:00,6845,78041,36,2,0,71229,0,6845
2025-02-28T12:00:00+01:00,11766,73297,114,3,0,61642,0,11766
2025-02-28T15:00:00+01:00,6712,57506,36,3,0,50827,0,6712
2025-02-28T18:00:00+01:00,5,55037,36,3,0,55065,0,5
2025-02-28T21:00:00+01:00,0,38756,43,3,0,38796,0,0
2025-03-01T00:00:00+01:00,0,3029,108,2,0,3134,0,0
2025-03-01T03:00:00+01:00,0,3811,12,2,0,3821,0,0
2025-03-01T06:00:00+01:00,1381,3666,562,1,0,2846,0,1381
2025-03-01T09:00:00+01:00,8668,3290,5495,0,13,129,19,3290
2025-03-01T12:00:00+01:00,11615,2872,8804,0,54,112,74,2872
2025-03-01T15:00:00+01:00,3725,2775,221,663,1476,83,98,2775
2025-03-01T18:00:00+01:00,7,3110,0,2937,1,167,82,7
2025-03-01T21:00:00+01:00,0,3081,0,2919,1,165,57,0
2025-03-02T00:00:00+01:00,0,3104,0,2902,2,204,33,0
2025-03-02T03:00:00+01:00,0,3141,0,2317,2,825,9,0
2025-03-02T06:00:00+01:00,3999,3508,2493,0,8,2009,3,3508
2025-03-02T09:00:00+01:00,40513,4451,11970,0,24111,20,76,4451
2025-03-02T12:00:00+01:00,53092,2228,177,2,50688,0,99,2228
2025-03-02T15:00:00+01:00,19056,2509,105,113,16581,24,99,2509
2025-03-02T18:00:00+01:00,40,3069,0,2865,1,163,87,40
2025-03-02T21:00:00+01:00,0,3170,0,3013,4,161,62,0
2025-03-03T00:00:00+01:00,0,3167,0,2962,2,208,37,0
2025-03-03T03:00:00+01:00,0,6753,0,2964,5,3794,8,0
2025-03-03T06:00:00+01:00,4374,71323,0,1,0,66948,0,4374
2025-03-03T09:00:00+01:00,42389,68546,45,2,0,26200,0,42389
2025-03-03T12:00:00+01:00,54349,69419,0,3,0,15067,0,54349
2025-03-03T15:00:00+01:00,19668,52990,0,3,0,33318,0,19668
2025-03-03T18:00:00+01:00,49,52467,38,3,0,52453,0,49
2025-03-03T21:00:00+01:00,0,53488,73,2,0,53560,0,0
2025-03-04T00:00:00+01:00,0,18269,38,2,0,18305,0,0
2025-03-04T03:00:00+01:00,0,16242,37,1,0,16278,0,0
2025-03-04T06:00:00+01:00,4625,68682,74,1,0,64129,0,4625
2025-03-04T09:00:00+01:00,38538,68154,35,2,0,29649,0,38538
2025-03-04T12:00:00+01:00,52154,64748,233,25,0,12801,0,52154
2025-03-04T15:00:00+01:00,19637,54030,0,3,0,34390,0,19637
2025-03-04T18:00:00+01:00,55,56371,0,3,0,56313,0,55
2025-03-04T21:00:00+01:00,0,51342,37,3,0,51376,0,0
2025-03-05T00:00:00+01:00,0,20501,72,3,0,20571,0,0
2025-03-05T03:00:00+01:00,0,14461,37,2,0,14495,0,0
2025-03-05T06:00:00+01:00,5242,64254,36,2,0,59046,0,5242
2025-03-05T09:00:00+01:00,43133,65395,107,2,0,22367,0,43133
2025-03-05T12:00:00+01:00,54879,67914,52,2,0,13087,0,54879
2025-03-05T15:00:00+01:00,20548,55469,73,2,0,34992,0,20548
2025-03-05T18:00:00+01:00,58,54313,0,3,0,54252,0,58
2025-03-05T21:00:00+01:00,0,52499,107,2,0,52604,0,0
2025-03-06T00:00:00+01:00,0,20632,36,3,0,20666,0,0
2025-03-06T03:00:00+01:00,0,17782,72,2,0,17852,0,0
2025-03-06T06:00:00+01:00,5106,66584,52,2,0,61528,0,5106
2025-03-06T09:00:00+01:00,42563,70787,90,2,0,28313,0,42563
2025-03-06T12:00:00+01:00,51945,71314,94,2,0,19459,0,51945
2025-03-06T15:00:00+01:00,19793,56897,0,3,0,37101,0,19793
2025-03-06T18:00:00+01:00,75,53709,72,2,0,53704,0,75
2025-03-06T21:00:00+01:00,0,50101,41,3,0,50138,0,0
2025-03-07T00:00:00+01:00,0,19246,74,3,0,19317,0,0
2025-03-07T03:00:00+01:00,0,13739,39,2,0,13776,0,0
2025-03-07T06:00:00+01:00,4987,62977,75,1,0,58063,0,4987
2025-03-07T09:00:00+01:00,42346,65687,37,2,0,23377,0,42346
2025-03-07T12:00:00+01:00,53225,71496,82,2,0,18351,0,53225
2025-03-07T15:00:00+01:00,20496,55306,71,2,0,34879,0,20496
2025-03-07T18:00:00+01:00,134,54708,37,2,0,54609,0,134
2025-03-07T21:00:00+01:00,0,36471,83,3,0,36550,0,0
2025-03-08T00:00:00+01:00,0,3072,67,3,0,3136,0,0
2025-03-08T03:00:00+01:00,0,3609,37,3,0,3643,0,0
2025-03-08T06:00:00+01:00,5939,3478,4036,1,79,1653,4,3478
2025-03-08T09:00:00+01:00,43809,2424,10643,1,30753,12,85,2424
2025-03-08T12:00:00+01:00,53040,2384,182,3,50477,0,100,2384
2025-03-08T15:00:00+01:00,20471,2377,140,6,17960,0,100,2377
2025-03-08T18:00:00+01:00,193,2721,0,2397,11,140,90,193
2025-03-08T21:00:00+01:00,0,2735,0,2590,0,147,69,0
2025-03-09T00:00:00+01:00,0,2663,0,2480,2,185,47,0
2025-03-09T03:00:00+01:00,0,2908,0,2732,2,176,25,0
2025-03-09T06:00:00+01:00,6067,3317,4079,1216,19,129,10,3317
2025-03-09T09:00:00+01:00,43144,3404,10046,1,29701,9,85,3404
2025-03-09T12:00:00+01:00,52231,2776,171,2,49286,0,100,2776
2025-03-09T15:00:00+01:00,18180,2562,142,20,15505,7,100,2562
2025-03-09T18:00:00+01:00,101,2880,0,2616,1,166,89,101
2025-03-09T21:00:00+01:00,0,2760,0,2607,0,153,67,0
2025-03-10T00:00:00+01:00,0,2893,0,2671,1,224,44,0
2025-03-10T03:00:00+01:00,0,8171,0,3956,2,4217,15,0
2025-03-10T06:00:00+01:00,6292,70039,0,1,0,63746,1,6292
2025-03-10T09:00:00+01:00,43894,72507,0,2,0,28612,0,43894
2025-03-10T12:00:00+01:00,55236,73606,11,2,0,18380,0,55236
2025-03-10T15:00:00+01:00,21067,54818,0,3,0,33748,0,21067
2025-03-10T18:00:00+01:00,158,54099,39,3,0,53977,0,158
2025-03-10T21:00:00+01:00,0,53635,38,3,0,53670,0,0
2025-03-11T00:00:00+01:00,0,14036,58,3,0,14091,0,0
2025-03-11T03:00:00+01:00,0,14323,0,2,0,14320,0,0
2025-03-11T06:00:00+01:00,5054,74544,115,1,0,69604,0,5054
2025-03-11T09:00:00+01:00,32151,77131,0,3,0,44976,0,32151
2025-03-11T12:00:00+01:00,17121,76919,110,2,0,59906,0,17121
2025-03-11T15:00:00+01:00,3722,56635,38,3,0,52948,0,3722
2025-03-11T18:00:00+01:00,16,53414,74,3,0,53470,0,16
2025-03-11T21:00:00+01:00,0,46063,98,4,0,46158,0,0
2025-03-12T00:00:00+01:00,0,13388,12,3,0,13397,0,0
2025-03-12T03:00:00+01:00,0,14322,73,2,0,14393,0,0
2025-03-12T06:00:00+01:00,5748,69234,36,2,0,63521,0,5748
2025-03-12T09:00:00+01:00,19575,77520,108,2,0,58051,0,19575
2025-03-12T12:00:00+01:00,20994,71738,36,3,0,50777,0,20994
2025-03-12T15:00:00+01:00,13679,54626,74,3,0,41017,0,13679
2025-03-12T18:00:00+01:00,185,55265,36,3,0,55114,0,185
2025-03-12T21:00:00+01:00,0,51228,72,3,0,51297,0,0
2025-03-13T00:00:00+01:00,0,14469,37,3,0,14502,0,0
2025-03-13T03:00:00+01:00,0,14939,72,2,0,15009,0,0
2025-03-13T06:00:00+01:00,2155,65196,78,2,0,63117,0,2155
2025-03-13T09:00:00+01:00,27583,65792,678,276,4,38610,0,27583
2025-03-13T12:00:00+01:00,22409,66363,127,210,0,43867,1,22409
2025-03-13T15:00:00+01:00,7793,55746,0,3,0,47949,1,7793
2025-03-13T18:00:00+01:00,88,51041,0,4,0,50950,0,88
2025-03-13T21:00:00+01:00,0,51732,37,4,0,51765,0,0
2025-03-14T00:00:00+01:00,0,21129,37,3,0,21163,0,0
2025-03-14T03:00:00+01:00,0,16583,36,3,0,16616,0,0
2025-03-14T06:00:00+01:00,1462,67491,43,2,0,66070,0,1462
2025-03-14T09:00:00+01:00,14085,68478,107,2,0,54498,0,14085
2025-03-14T12:00:00+01:00,41575,68091,1755,1321,7,26959,1,41575
2025-03-14T15:00:00+01:00,10374,51975,0,2,0,41600,1,10374
2025-03-14T18:00:00+01:00,83,51595,0,3,0,51509,1,83
2025-03-14T21:00:00+01:00,0,37169,0,3,0,37166,0,0
2025-03-15T00:00:00+01:00,0,2886,38,3,0,2921,0,0
2025-03-15T03:00:00+01:00,0,3787,31,2,0,3816,0,0
2025-03-15T06:00:00+01:00,4393,3416,2845,1,83,1948,1,3416
2025-03-15T09:00:00+01:00,48687,2348,11878,0,34501,19,82,2348
2025-03-15T12:00:00+01:00,61535,2047,161,2,59351,0,100,2047
2025-03-15T15:00:00+01:00,23268,2331,161,3,20781,0,100,2331
2025-03-15T18:00:00+01:00,278,3173,1,2774,26,147,89,278
2025-03-15T21:00:00+01:00,0,2902,0,2726,0,179,65,0
2025-03-16T00:00:00+01:00,0,2933,0,2726,1,206,42,0
2025-03-16T03:00:00+01:00,0,3039,0,2849,3,192,19,0
2025-03-16T06:00:00+01:00,8359,3193,6150,726,104,360,9,3193
2025-03-16T09:00:00+01:00,50870,4242,8289,1,38343,4,91,4242
2025-03-16T12:00:00+01:00,56088,3790,204,3,52099,0,100,3790
2025-03-16T15:00:00+01:00,25975,4593,103,67,21356,10,100,4593
2025-03-16T18:00:00+01:00,258,5025,0,4638,3,134,81,258
2025-03-16T21:00:00+01:00,0,4920,0,4795,6,132,43,0
2025-03-17T00:00:00+01:00,0,4960,0,2868,4,2098,8,0
2025-03-17T03:00:00+01:00,0,9828,0,2,0,9827,1,0
2025-03-17T06:00:00+01:00,3439,70186,0,2,0,66746,0,3439
2025-03-17T09:00:00+01:00,35038,75670,302,80,0,40850,0,35038
2025-03-17T12:00:00+01:00,58942,76582,141,93,0,17688,0,58942
2025-03-17T15:00:00+01:00,27251,55735,4,2,0,28487,0,27251
2025-03-17T18:00:00+01:00,231,54284,0,2,0,54051,0,231
2025-03-17T21:00:00+01:00,0,53412,0,3,0,53409,0,0
2025-03-18T00:00:00+01:00,0,26778,37,2,0,26813,0,0
2025-03-18T03:00:00+01:00,0,24943,36,1,0,24978,0,0
2025-03-18T06:00:00+01:00,9798,69245,72,1,0,59518,0,9798
2025-03-18T09:00:00+01:00,53441,68356,168,2,0,15084,0,53441
2025-03-18T12:00:00+01:00,63839,66616,1215,909,2,3067,1,63839
2025-03-18T15:00:00+01:00,27598,53015,23,8,0,25432,0,27598
2025-03-18T18:00:00+01:00,267,50169,0,2,0,49900,0,267
2025-03-18T21:00:00+01:00,0,45564,0,3,0,45562,0,0
2025-03-19T00:00:00+01:00,0,15548,35,2,0,15580,0,0
2025-03-19T03:00:00+01:00,0,17015,33,2,0,17045,0,0
2025-03-19T06:00:00+01:00,9798,67195,82,2,0,57477,0,9798
2025-03-19T09:00:00+01:00,52501,67944,92,2,0,15529,0,52501
2025-03-19T12:00:00+01:00,61540,70658,154,25,0,9241,0,61540
2025-03-19T15:00:00+01:00,26334,55202,0,4,0,28865,0,26334
2025-03-19T18:00:00+01:00,304,52603,0,3,0,52296,0,304
2025-03-19T21:00:00+01:00,0,43609,0,3,0,43606,0,0
2025-03-20T00:00:00+01:00,0,16666,39,3,0,16703,0,0
2025-03-20T03:00:00+01:00,0,15535,37,2,0,15569,0,0
2025-03-20T06:00:00+01:00,8115,63561,74,2,0,55518,0,8115
2025-03-20T09:00:00+01:00,50985,66759,409,193,0,15990,0,50985
2025-03-20T12:00:00+01:00,60400,65645,953,757,1,5432,1,60400
2025-03-20T15:00:00+01:00,25766,53459,3,2,0,27695,1,25766
2025-03-20T18:00:00+01:00,335,53976,0,3,0,53638,1,335
2025-03-20T21:00:00+01:00,0,49064,0,3,0,49060,0,0
2025-03-21T00:00:00+01:00,0,16153,37,3,0,16187,0,0
2025-03-21T03:00:00+01:00,0,16490,35,3,0,16523,0,0
2025-03-21T06:00:00+01:00,9617,64637,79,2,0,55099,0,9617
2025-03-21T09:00:00+01:00,50668,63665,184,1,0,13174,0,50668
2025-03-21T12:00:00+01:00,59756,67544,120,90,0,7824,1,59756
2025-03-21T15:00:00+01:00,22376,53992,0,3,0,31613,1,22376
2025-03-21T18:00:00+01:00,328,55215,0,4,0,54883,1,328
2025-03-21T21:00:00+01:00,0,35807,0,4,0,35803,0,0
2025-03-22T00:00:00+01:00,0,3746,38,3,0,3780,0,0
2025-03-22T03:00:00+01:00,0,3791,36,3,0,3824,0,0
2025-03-22T06:00:00+01:00,11662,3600,9110,1,102,1146,13,3600
2025-03-22T09:00:00+01:00,44612,3367,5667,0,35620,43,94,3367
2025-03-22T12:00:00+01:00,35591,3328,167,2,32098,0,99,3328
2025-03-22T15:00:00+01:00,18315,3420,127,41,14821,11,99,3420
2025-03-22T18:00:00+01:00,345,3637,0,3046,0,244,88,345
2025-03-22T21:00:00+01:00,0,3661,0,3418,1,241,60,0
2025-03-23T00:00:00+01:00,0,3651,0,3353,0,298,33,0
2025-03-23T03:00:00+01:00,0,3686,0,2160,0,1526,6,0
2025-03-23T06:00:00+01:00,1581,3627,123,12,0,2155,0,1581
2025-03-23T09:00:00+01:00,18393,5307,12606,20,690,186,25,5307
2025-03-23T12:00:00+01:00,23492,5467,2049,1,15996,21,99,5467
2025-03-23T15:00:00+01:00,11849,5413,109,38,6374,7,100,5413
2025-03-23T18:00:00+01:00,505,5666,0,4935,0,230,81,505
2025-03-23T21:00:00+01:00,0,5574,0,5339,0,234,39,0
2025-03-24T00:00:00+01:00,0,5556,0,2115,0,3440,4,0
2025-03-24T03:00:00+01:00,0,9135,0,3,0,9132,0,0
2025-03-24T06:00:00+01:00,11156,71016,0,1,0,59859,0,11156
2025-03-24T09:00:00+01:00,36686,80191,49,2,0,43553,0,36686
2025-03-24T12:00:00+01:00,13929,72272,39,2,0,58381,0,13929
2025-03-24T15:00:00+01:00,6930,56295,38,2,0,49401,0,6930
2025-03-24T18:00:00+01:00,296,55101,76,2,0,54880,0,296
2025-03-24T21:00:00+01:00,0,47620,0,3,0,47617,0,0
2025-03-25T00:00:00+01:00,0,16782,138,2,0,16917,0,0
2025-03-25T03:00:00+01:00,0,15031,0,2,0,15029,0,0
2025-03-25T06:00:00+01:00,5298,71733,82,1,0,66516,0,5298
2025-03-25T09:00:00+01:00,28411,69304,724,424,0,41191,0,28411
2025-03-25T12:00:00+01:00,59675,71269,1508,1289,1,11799,1,59675
2025-03-25T15:00:00+01:00,24864,55941,115,99,0,31093,1,24864
2025-03-25T18:00:00+01:00,520,53884,0,2,0,53361,0,520
2025-03-25T21:00:00+01:00,0,46822,0,3,0,46819,0,0
2025-03-26T00:00:00+01:00,0,13398,38,3,0,13434,0,0
2025-03-26T03:00:00+01:00,0,14455,37,2,0,14490,0,0
2025-03-26T06:00:00+01:00,2628,63000,74,2,0,60445,0,2628
2025-03-26T09:00:00+01:00,15375,69265,72,2,0,53960,0,15375
2025-03-26T12:00:00+01:00,18679,68970,73,3,0,50362,0,18679
2025-03-26T15:00:00+01:00,11707,55238,37,4,0,43565,0,11707
2025-03-26T18:00:00+01:00,187,51577,37,3,0,51424,0,187
2025-03-26T21:00:00+01:00,0,46362,83,3,0,46442,0,0
2025-03-27T00:00:00+01:00,0,14265,63,3,0,14324,0,0
2025-03-27T03:00:00+01:00,0,15192,74,2,0,15264,0,0
2025-03-27T06:00:00+01:00,13080,71437,43,1,0,58398,0,13080
2025-03-27T09:00:00+01:00,57158,79110,95,2,0,22040,0,57158
2025-03-27T12:00:00+01:00,67065,75989,309,85,0,9138,1,67065
2025-03-27T15:00:00+01:00,30793,60960,0,3,0,30164,1,30793
2025-03-27T18:00:00+01:00,679,59075,0,3,0,58392,0,679
2025-03-27T21:00:00+01:00,0,51579,0,3,0,51575,0,0
2025-03-28T00:00:00+01:00,0,14492,38,3,0,14526,0,0
2025-03-28T03:00:00+01:00,0,14982,36,2,0,15016,0,0
2025-03-28T06:00:00+01:00,13655,80273,79,2,0,66695,0,13655
2025-03-28T09:00:00+01:00,57923,78666,39,2,0,20779,0,57923
2025-03-28T12:00:00+01:00,66657,77250,190,2,0,10776,1,66657
2025-03-28T15:00:00+01:00,30457,59564,15,3,0,29120,0,30457
2025-03-28T18:00:00+01:00,748,54780,0,3,0,54029,0,748
2025-03-28T21:00:00+01:00,0,39723,37,3,0,39757,0,0
2025-03-29T00:00:00+01:00,0,3311,43,3,0,3352,0,0
2025-03-29T03:00:00+01:00,0,3297,85,2,0,3380,0,0
2025-03-29T06:00:00+01:00,12555,3064,9903,1,488,895,16,3064
2025-03-29T09:00:00+01:00,44958,2906,4844,1,37218,0,97,2906
2025-03-29T12:00:00+01:00,58048,2782,146,2,55126,0,100,2782
2025-03-29T15:00:00+01:00,32954,2896,129,3,29933,0,100,2896
2025-03-29T18:00:00+01:00,786,3302,11,2607,207,129,91,786
2025-03-29T21:00:00+01:00,0,3071,0,2919,1,155,66,0
2025-03-30T00:00:00+01:00,0,3048,0,2853,1,195,46,0
2025-03-30T03:00:00+02:00,0,2952,0,2780,1,173,27,0
2025-03-30T06:00:00+02:00,1022,3993,0,1643,0,1328,5,1022
2025-03-30T09:00:00+02:00,4915,6354,455,128,1,1765,1,4915
2025-03-30T12:00:00+02:00,36744,5005,14458,84,17473,83,54,5005
2025-03-30T15:00:00+02:00,20283,4327,129,7,15837,0,100,4327
2025-03-30T18:00:00+02:00,1979,2984,179,1554,481,108,96,1979
2025-03-30T21:00:00+02:00,0,2954,0,2797,1,157,76,0
2025-03-31T00:00:00+02:00,0,2938,0,2726,1,213,53,0
2025-03-31T03:00:00+02:00,0,6000,0,4939,36,1091,27,0
2025-03-31T06:00:00+02:00,1752,68460,0,1,0,66708,1,1752
2025-03-31T09:00:00+02:00,20191,73518,32,29,0,53329,1,20191
2025-03-31T12:00:00+02:00,42057,73591,4541,3714,102,32463,2,42057
2025-03-31T15:00:00+02:00,36996,60378,2792,2641,27,23561,2,36996
2025-03-31T18:00:00+02:00,5859,55615,0,2,0,49755,1,5859
2025-03-31T21:00:00+02:00,0,53299,0,2,0,53297,0,0
2025-04-01T00:00:00+02:00,0,29060,0,3,0,29058,0,0
2025-04-01T03:00:00+02:00,0,26042,40,2,0,26080,0,0
2025-04-01T06:00:00+02:00,5205,72497,75,2,0,67366,0,5205
2025-04-01T09:00:00+02:00,47972,71696,140,2,0,23862,0,47972
2025-04-01T12:00:00+02:00,64336,73998,3807,2591,15,10904,2,64336
2025-04-01T15:00:00+02:00,37655,53828,2915,3155,61,15987,2,37655
2025-04-01T18:00:00+02:00,6850,56303,0,2,0,49451,1,6850
2025-04-01T21:00:00+02:00,0,51779,0,3,0,51776,1,0
2025-04-02T00:00:00+02:00,0,22998,0,3,0,22995,0,0
2025-04-02T03:00:00+02:00,0,20298,77,2,0,20373,0,0
2025-04-02T06:00:00+02:00,4230,68168,36,1,0,63974,0,4230
2025-04-02T09:00:00+02:00,43090,70797,64,2,0,27769,0,43090
2025-04-02T12:00:00+02:00,66363,72486,3441,1023,3,8515,3,66363
2025-04-02T15:00:00+02:00,47173,60923,1611,2992,3,12343,11,47173
2025-04-02T18:00:00+02:00,6692,57577,0,2,0,50884,1,6692
2025-04-02T21:00:00+02:00,0,56276,0,3,0,56273,1,0
2025-04-03T00:00:00+02:00,0,27397,0,3,0,27395,0,0
2025-04-03T03:00:00+02:00,0,21790,38,3,0,21826,0,0
2025-04-03T06:00:00+02:00,5668,67151,79,2,0,61560,0,5668
2025-04-03T09:00:00+02:00,47895,71042,84,2,0,23230,0,47895
2025-04-03T12:00:00+02:00,72674,70674,3637,254,2,1380,10,70674
2025-04-03T15:00:00+02:00,49499,58651,2578,4793,0,6953,22,49499
2025-04-03T18:00:00+02:00,6690,58222,0,2,0,51529,1,6690
2025-04-03T21:00:00+02:00,0,54015,0,3,0,54012,1,0
2025-04-04T00:00:00+02:00,0,26961,0,3,0,26957,0,0
2025-04-04T03:00:00+02:00,0,25211,38,2,0,25247,0,0
2025-04-04T06:00:00+02:00,5688,64896,80,1,0,59287,0,5688
2025-04-04T09:00:00+02:00,47262,66383,201,2,0,19319,0,47262
2025-04-04T12:00:00+02:00,70958,62075,9923,101,2,945,28,62075
2025-04-04T15:00:00+02:00,48592,55470,3509,9133,6,1250,73,48592
2025-04-04T18:00:00+02:00,6790,55112,0,2412,0,45908,2,6790
2025-04-04T21:00:00+02:00,0,34226,0,2,0,34225,1,0
2025-04-05T00:00:00+02:00,0,3099,0,3,0,3096,1,0
2025-04-05T03:00:00+02:00,0,3032,40,2,0,3070,0,0
2025-04-05T06:00:00+02:00,6034,2916,4505,1,57,1442,5,2916
2025-04-05T09:00:00+02:00,49278,2609,10197,0,36479,7,86,2609
2025-04-05T12:00:00+02:00,74316,2509,210,0,71597,0,99,2509
2025-04-05T15:00:00+02:00,47168,2729,157,0,44283,0,99,2729
2025-04-05T18:00:00+02:00,6627,3035,58,1277,4901,91,97,3035
2025-04-05T21:00:00+02:00,0,2883,0,2730,1,155,77,0
2025-04-06T00:00:00+02:00,0,2898,0,2706,1,195,54,0
2025-04-06T03:00:00+02:00,0,2957,0,2779,0,184,32,0
2025-04-06T06:00:00+02:00,6430,3270,4467,1236,62,131,16,3270
2025-04-06T09:00:00+02:00,52565,4454,8722,1,39402,16,90,4454
2025-04-06T12:00:00+02:00,77872,3768,170,2,73937,0,100,3768
2025-04-06T15:00:00+02:00,53824,4122,132,3,49573,0,100,4122
2025-04-06T18:00:00+02:00,8070,5153,34,2360,5312,70,96,5153
2025-04-06T21:00:00+02:00,0,5239,0,5124,7,122,60,0
2025-04-07T00:00:00+02:00,0,5010,0,4811,6,205,21,0
2025-04-07T03:00:00+02:00,0,5807,0,79,0,5728,1,0
2025-04-07T06:00:00+02:00,6949,75399,0,1,0,68450,0,6949
2025-04-07T09:00:00+02:00,52083,71430,93,1,0,19436,0,52083
2025-04-07T12:00:00+02:00,76213,74825,3167,168,3,1569,8,74825
2025-04-07T15:00:00+02:00,52768,64846,1582,3653,0,9994,16,52768
2025-04-07T18:00:00+02:00,8111,62589,0,2,0,54476,0,8111
2025-04-07T21:00:00+02:00,0,61163,0,2,0,61160,0,0
2025-04-08T00:00:00+02:00,0,39166,0,2,0,39164,0,0
2025-04-08T03:00:00+02:00,0,23718,39,1,0,23756,0,0
2025-04-08T06:00:00+02:00,7047,73758,80,1,0,66791,0,7047
2025-04-08T09:00:00+02:00,51017,74889,276,74,0,24075,0,51017
2025-04-08T12:00:00+02:00,73933,69669,6075,427,14,1371,14,69669
2025-04-08T15:00:00+02:00,48486,58819,2029,6483,1,5875,28,48486
2025-04-08T18:00:00+02:00,6313,55733,0,2,0,49418,1,6313
2025-04-08T21:00:00+02:00,0,57136,0,2,0,57134,1,0
2025-04-09T00:00:00+02:00,0,27618,0,2,0,27616,0,0
2025-04-09T03:00:00+02:00,0,18743,39,2,0,18780,0,0
2025-04-09T06:00:00+02:00,7159,73035,81,1,0,65956,0,7159
2025-04-09T09:00:00+02:00,50698,76532,51,2,0,25882,0,50698
2025-04-09T12:00:00+02:00,74511,75845,2403,601,0,3121,2,74511
2025-04-09T15:00:00+02:00,51901,59166,2638,3420,7,6470,14,51901
2025-04-09T18:00:00+02:00,8766,59155,0,1,0,50387,1,8766
2025-04-09T21:00:00+02:00,0,54058,0,2,0,54056,1,0
2025-04-10T00:00:00+02:00,0,25723,0,2,0,25721,0,0
2025-04-10T03:00:00+02:00,0,17485,39,2,0,17521,0,0
2025-04-10T06:00:00+02:00,1530,69915,81,1,0,68464,0,1530
2025-04-10T09:00:00+02:00,14938,75590,37,2,0,60687,0,14938
2025-04-10T12:00:00+02:00,46684,77489,2472,969,1,32300,1,46684
2025-04-10T15:00:00+02:00,50901,62983,3555,4085,9,11555,10,50901
2025-04-10T18:00:00+02:00,8216,61211,0,2,0,52992,1,8216
2025-04-10T21:00:00+02:00,0,59446,0,3,0,59444,1,0
2025-04-11T00:00:00+02:00,0,41176,0,3,0,41173,0,0
2025-04-11T03:00:00+02:00,0,25262,38,2,0,25299,0,0
2025-04-11T06:00:00+02:00,4813,72033,81,1,0,67300,0,4813
2025-04-11T09:00:00+02:00,49880,75418,74,2,0,25611,0,49880
2025-04-11T12:00:00+02:00,73540,73598,2493,674,4,1850,4,73540
2025-04-11T15:00:00+02:00,49218,60800,1804,2588,1,10772,10,49218
2025-04-11T18:00:00+02:00,8608,61872,0,2,0,53262,1,8608
2025-04-11T21:00:00+02:00,0,46975,0,3,0,46972,1,0
2025-04-12T00:00:00+02:00,0,3736,0,3,0,3733,0,0
2025-04-12T03:00:00+02:00,0,3681,38,2,0,3717,0,0
2025-04-12T06:00:00+02:00,7694,3537,5739,1,54,1633,7,3537
2025-04-12T09:00:00+02:00,50908,3349,8901,0,38657,3,89,3349
2025-04-12T12:00:00+02:00,73178,3302,177,2,69703,0,99,3302
2025-04-12T15:00:00+02:00,51346,3593,145,3,47612,0,99,3593
2025-04-12T18:00:00+02:00,8658,3710,73,1339,6325,109,97,3710
2025-04-12T21:00:00+02:00,0,3667,0,3427,0,245,74,0
2025-04-13T00:00:00+02:00,0,3555,0,3252,0,305,47,0
2025-04-13T03:00:00+02:00,0,3619,0,3357,0,259,19,0
2025-04-13T06:00:00+02:00,1282,5116,3,587,0,3249,0,1282
2025-04-13T09:00:00+02:00,17875,6692,11779,0,317,913,31,6692
2025-04-13T12:00:00+02:00,28431,4892,2724,0,20832,22,98,4892
2025-04-13T15:00:00+02:00,15809,3529,424,231,12148,58,99,3529
2025-04-13T18:00:00+02:00,6074,3601,136,1248,3699,117,97,3601
2025-04-13T21:00:00+02:00,0,3702,0,3468,0,233,74,0
2025-04-14T00:00:00+02:00,0,3564,0,3271,1,295,47,0
2025-04-14T03:00:00+02:00,0,7241,0,4049,8,3199,19,0
2025-04-14T06:00:00+02:00,8912,77783,0,1,0,68870,1,8912
2025-04-14T09:00:00+02:00,43010,71287,458,357,0,28377,0,43010
2025-04-14T12:00:00+02:00,73281,73049,9382,1415,28,7750,19,73049
2025-04-14T15:00:00+02:00,42517,61032,3296,9918,30,11913,25,42517
2025-04-14T18:00:00+02:00,6816,58953,0,1,0,52136,1,6816
2025-04-14T21:00:00+02:00,0,60577,0,3,0,60574,0,0
2025-04-15T00:00:00+02:00,0,25315,0,3,0,25312,0,0
2025-04-15T03:00:00+02:00,0,18733,41,2,0,18772,0,0
2025-04-15T06:00:00+02:00,8556,67700,83,2,0,59226,0,8556
2025-04-15T09:00:00+02:00,52698,75902,205,21,0,23391,0,52698
2025-04-15T12:00:00+02:00,41825,77961,431,378,0,36177,1,41825
2025-04-15T15:00:00+02:00,20370,63932,0,3,0,43559,1,20370
2025-04-15T18:00:00+02:00,3132,61495,0,4,0,58359,0,3132
2025-04-15T21:00:00+02:00,0,59479,38,3,0,59514,0,0
2025-04-16T00:00:00+02:00,0,34117,38,3,0,34151,0,0
2025-04-16T03:00:00+02:00,0,30042,38,3,0,30077,0,0
2025-04-16T06:00:00+02:00,6042,67788,117,2,0,61862,0,6042
2025-04-16T09:00:00+02:00,13571,75331,38,2,0,61796,0,13571
2025-04-16T12:00:00+02:00,15875,77149,44,3,0,61315,0,15875
2025-04-16T15:00:00+02:00,8775,63096,76,3,0,54394,0,8775
2025-04-16T18:00:00+02:00,1511,60665,36,3,0,59187,0,1511
2025-04-16T21:00:00+02:00,0,57828,120,3,0,57946,0,0
2025-04-17T00:00:00+02:00,0,33003,0,3,0,32999,0,0
2025-04-17T03:00:00+02:00,0,22464,56,3,0,22518,0,0
2025-04-17T06:00:00+02:00,1187,70260,98,2,0,69169,0,1187
2025-04-17T09:00:00+02:00,15735,76072,38,2,0,60371,0,15735
2025-04-17T12:00:00+02:00,25887,69678,84,2,0,43872,0,25887
2025-04-17T15:00:00+02:00,17457,50154,39,3,0,32732,0,17457
2025-04-17T18:00:00+02:00,1104,48272,72,3,0,47238,0,1104
2025-04-17T21:00:00+02:00,0,30144,82,3,0,30223,0,0
2025-04-18T00:00:00+02:00,0,3039,0,3,0,3036,0,0
2025-04-18T03:00:00+02:00,0,2965,109,2,0,3073,0,0
2025-04-18T06:00:00+02:00,1685,2945,304,2,0,1561,0,1685
2025-04-18T09:00:00+02:00,19830,2773,13272,13,3876,76,29,2773
2025-04-18T12:00:00+02:00,37222,2700,1274,1,33247,0,99,2700
2025-04-18T15:00:00+02:00,12982,2700,138,2,10146,0,99,2700
2025-04-18T18:00:00+02:00,3021,2773,109,1008,1221,75,97,2773
2025-04-18T21:00:00+02:00,0,2986,0,2831,0,156,79,0
2025-04-19T00:00:00+02:00,0,2798,0,2589,0,209,56,0
2025-04-19T03:00:00+02:00,0,2891,0,2716,2,176,34,0
2025-04-19T06:00:00+02:00,7858,3023,5742,900,126,130,23,3023
2025-04-19T09:00:00+02:00,44509,2879,6756,1,34872,0,94,2879
2025-04-19T12:00:00+02:00,81007,2316,128,2,78565,0,99,2316
2025-04-19T15:00:00+02:00,54576,2403,121,3,52054,0,99,2403
2025-04-19T18:00:00+02:00,10428,2701,96,728,8418,59,99,2701
2025-04-19T21:00:00+02:00,0,2822,0,2667,2,156,82,0
2025-04-20T00:00:00+02:00,0,2878,0,2684,1,194,60,0
2025-04-20T03:00:00+02:00,0,2822,0,2647,0,177,38,0
2025-04-20T06:00:00+02:00,10480,2780,8362,759,210,108,32,2780
2025-04-20T09:00:00+02:00,56704,2501,3422,2,50781,0,99,2501
2025-04-20T12:00:00+02:00,76015,2283,115,3,73622,0,100,2283
2025-04-20T15:00:00+02:00,22644,2528,108,41,20058,8,100,2528
2025-04-20T18:00:00+02:00,1575,2648,437,1513,149,148,96,1575
2025-04-20T21:00:00+02:00,0,2707,0,2551,0,157,78,0
2025-04-21T00:00:00+02:00,0,2767,0,2541,1,229,57,0
2025-04-21T03:00:00+02:00,0,2760,0,2570,1,192,35,0
2025-04-21T06:00:00+02:00,9542,2680,7482,606,110,120,31,2680
2025-04-21T09:00:00+02:00,50127,8132,4464,5,37575,38,94,8132
2025-04-21T12:00:00+02:00,57835,2640,154,3,55052,0,100,2640
2025-04-21T15:00:00+02:00,38379,2526,140,4,35730,0,100,2526
2025-04-21T18:00:00+02:00,3749,2634,69,831,1945,67,98,2634
2025-04-21T21:00:00+02:00,0,2755,0,2600,1,156,81,0
2025-04-22T00:00:00+02:00,0,2669,0,2468,1,203,60,0
2025-04-22T03:00:00+02:00,0,5901,0,5769,57,191,36,0
2025-04-22T06:00:00+02:00,2656,60170,0,232,0,57281,1,2656
2025-04-22T09:00:00+02:00,24289,70221,691,511,13,46128,1,24289
2025-04-22T12:00:00+02:00,58126,68589,7079,4816,602,13333,4,58126
2025-04-22T15:00:00+02:00,31625,63840,776,2155,62,30899,2,31625
2025-04-22T18:00:00+02:00,9993,63095,0,3,0,53099,1,9993
2025-04-22T21:00:00+02:00,0,55597,0,3,0,55595,0,0
2025-04-23T00:00:00+02:00,0,33855,0,3,0,33852,0,0
2025-04-23T03:00:00+02:00,0,23506,40,2,0,23544,0,0
2025-04-23T06:00:00+02:00,4443,65716,81,2,0,61353,0,4443
2025-04-23T09:00:00+02:00,40719,66337,3723,1418,47,27974,4,40719
2025-04-23T12:00:00+02:00,47858,68587,5745,5195,535,21779,9,47858
2025-04-23T15:00:00+02:00,13720,54691,169,1677,52,39514,2,13720
2025-04-23T18:00:00+02:00,5619,51644,0,3,0,46022,1,5619
2025-04-23T21:00:00+02:00,0,55347,0,3,0,55344,1,0
2025-04-24T00:00:00+02:00,0,24287,40,3,0,24324,0,0
2025-04-24T03:00:00+02:00,0,15698,37,3,0,15732,0,0
2025-04-24T06:00:00+02:00,1025,66044,82,1,0,65099,0,1025
2025-04-24T09:00:00+02:00,6683,72303,0,2,0,65618,0,6683
2025-04-24T12:00:00+02:00,10827,75356,155,2,0,64683,0,10827
2025-04-24T15:00:00+02:00,6634,67374,0,4,0,60736,0,6634
2025-04-24T18:00:00+02:00,940,54107,75,3,0,53239,0,940
2025-04-24T21:00:00+02:00,0,48520,42,3,0,48559,0,0
2025-04-25T00:00:00+02:00,0,18784,75,3,0,18855,0,0
2025-04-25T03:00:00+02:00,0,14996,37,2,0,15031,0,0
2025-04-25T06:00:00+02:00,2963,62684,81,1,0,59800,0,2963
2025-04-25T09:00:00+02:00,19437,72697,35,1,0,53294,0,19437
2025-04-25T12:00:00+02:00,21370,71750,81,2,0,50460,0,21370
2025-04-25T15:00:00+02:00,44892,56877,3202,2682,514,12998,5,44892
2025-04-25T18:00:00+02:00,11445,56567,2,2,0,45123,1,11445
2025-04-25T21:00:00+02:00,0,41436,0,3,0,41434,1,0
2025-04-26T00:00:00+02:00,0,3140,35,3,0,3172,1,0
2025-04-26T03:00:00+02:00,0,3221,0,3,0,3218,1,0
2025-04-26T06:00:00+02:00,12059,3027,10858,0,2365,4174,32,3027
2025-04-26T09:00:00+02:00,60057,2665,364,72,57108,0,100,2665
2025-04-26T12:00:00+02:00,66494,2615,378,73,63599,0,100,2615
2025-04-26T15:00:00+02:00,56900,2638,362,72,53975,0,99,2638
2025-04-26T18:00:00+02:00,13193,2920,252,1607,11704,5,98,2920
2025-04-26T21:00:00+02:00,0,3296,0,7098,4151,36,46,0
2025-04-27T00:00:00+02:00,0,3121,0,778,433,2754,1,0
2025-04-27T03:00:00+02:00,0,3174,0,2,0,3171,1,0
2025-04-27T06:00:00+02:00,13076,4145,8497,1,1165,730,18,4145
2025-04-27T09:00:00+02:00,59473,4573,2446,1,52454,0,99,4573
2025-04-27T12:00:00+02:00,82863,2847,90,3,79930,0,100,2847
2025-04-27T15:00:00+02:00,58984,4214,106,3,54666,0,100,4214
2025-04-27T18:00:00+02:00,13757,4723,47,997,10022,39,98,4723
2025-04-27T21:00:00+02:00,0,5015,0,4914,11,111,63,0
2025-04-28T00:00:00+02:00,0,4996,0,3478,5,1522,14,0
2025-04-28T03:00:00+02:00,0,8326,0,2,0,8323,1,0
2025-04-28T06:00:00+02:00,13532,76747,0,2,0,63214,0,13532
2025-04-28T09:00:00+02:00,62414,69619,2483,171,2,9515,3,62414
2025-04-28T12:00:00+02:00,83198,72234,8629,4,3080,747,68,72234
2025-04-28T15:00:00+02:00,60972,58966,290,3814,6104,577,95,58966
2025-04-28T18:00:00+02:00,13704,54516,10,5875,0,34944,10,13704
2025-04-28T21:00:00+02:00,0,51442,0,2,0,51440,1,0
2025-04-29T00:00:00+02:00,0,24767,0,3,0,24764,0,0
2025-04-29T03:00:00+02:00,0,19532,0,1,0,19531,0,0
2025-04-29T06:00:00+02:00,13163,70178,80,1,0,57095,0,13163
2025-04-29T09:00:00+02:00,61314,68450,3715,60,1,10766,6,61314
2025-04-29T12:00:00+02:00,81525,67239,7308,16,8878,1871,85,67239
2025-04-29T15:00:00+02:00,59013,52340,214,2428,8935,45,98,52340
2025-04-29T18:00:00+02:00,13481,47744,12,7189,282,27358,15,13481
2025-04-29T21:00:00+02:00,0,47190,0,2,0,47189,0,0
2025-04-30T00:00:00+02:00,0,23520,0,2,0,23519,0,0
2025-04-30T03:00:00+02:00,0,20610,0,3,0,20607,0,0
2025-04-30T06:00:00+02:00,13690,59304,81,2,0,45694,0,13690
2025-04-30T09:00:00+02:00,59900,65584,2870,229,1,8294,4,59900
2025-04-30T12:00:00+02:00,80250,72213,8478,182,2582,2843,72,72213
2025-04-30T15:00:00+02:00,58552,54903,275,3861,7368,106,96,54903
2025-04-30T18:00:00+02:00,13556,56705,17,5867,16,37311,10,13556
2025-04-30T21:00:00+02:00,0,44595,0,1,0,44594,0,0
2025-05-01T00:00:00+02:00,0,8635,0,2,0,8633,0,0
2025-05-01T03:00:00+02:00,0,6316,0,3,0,6313,0,0
2025-05-01T06:00:00+02:00,14076,3838,10945,0,2053,2760,29,3838
2025-05-01T09:00:00+02:00,60365,3012,66,2,57289,0,100,3012
2025-05-01T12:00:00+02:00,81004,2983,88,3,77935,0,100,2983
2025-05-01T15:00:00+02:00,58949,3232,110,3,55612,0,100,3232
2025-05-01T18:00:00+02:00,13690,3397,64,988,11219,1,99,3397
2025-05-01T21:00:00+02:00,0,3358,0,4804,1443,0,63,0
2025-05-02T00:00:00+02:00,0,3292,0,3596,1033,726,16,0
2025-05-02T03:00:00+02:00,0,5326,0,7,0,5319,1,0
2025-05-02T06:00:00+02:00,13357,5646,8908,0,1093,2288,20,5646
2025-05-02T09:00:00+02:00,54803,4333,1997,1,48476,0,99,4333
2025-05-02T12:00:00+02:00,66265,7312,89,2,58875,0,100,7312
2025-05-02T15:00:00+02:00,45642,3398,84,3,42175,0,100,3398
2025-05-02T18:00:00+02:00,13148,3317,88,559,10342,40,99,3317
2025-05-02T21:00:00+02:00,0,3432,0,3283,1,149,76,0
2025-05-03T00:00:00+02:00,0,3170,0,2949,1,224,43,0
2025-05-03T03:00:00+02:00,0,3522,0,2401,3,1124,9,0
2025-05-03T06:00:00+02:00,7213,4457,3465,4,16,721,8,4457
2025-05-03T09:00:00+02:00,16452,4209,7406,1,4874,37,83,4209
2025-05-03T12:00:00+02:00,34937,3124,91,1,31728,0,100,3124
2025-05-03T15:00:00+02:00,19466,3025,136,9,16317,0,100,3025
2025-05-03T18:00:00+02:00,5404,3070,72,550,2861,49,99,3070
2025-05-03T21:00:00+02:00,3,3476,0,3322,2,153,76,3
2025-05-04T00:00:00+02:00,0,3298,0,3100,1,200,41,0
2025-05-04T03:00:00+02:00,0,3223,0,2195,0,1027,10,0
2025-05-04T06:00:00+02:00,9037,3191,6337,1,132,619,13,3191
2025-05-04T09:00:00+02:00,23459,3466,4548,29,15529,56,92,3466
2025-05-04T12:00:00+02:00,44315,2882,151,2,41285,0,100,2882
2025-05-04T15:00:00+02:00,26520,2990,82,3,23452,0,100,2990
2025-05-04T18:00:00+02:00,6494,3261,73,979,4232,92,98,3261
2025-05-04T21:00:00+02:00,0,3282,0,3125,1,160,72,0
2025-05-05T00:00:00+02:00,0,3183,0,2961,2,220,40,0
2025-05-05T03:00:00+02:00,0,6524,0,2080,0,4445,9,0
2025-05-05T06:00:00+02:00,15660,79575,0,1,0,63914,1,15660
2025-05-05T09:00:00+02:00,69305,76839,5549,2848,295,10506,12,69305
2025-05-05T12:00:00+02:00,41229,78686,838,2726,12,35580,2,41229
2025-05-05T15:00:00+02:00,28237,56454,775,644,9,28347,1,28237
2025-05-05T18:00:00+02:00,10367,57995,3,1,0,47630,1,10367
2025-05-05T21:00:00+02:00,1,56557,0,2,0,56555,0,1
2025-05-06T00:00:00+02:00,0,27309,0,2,0,27308,0,0
2025-05-06T03:00:00+02:00,1,17134,44,2,0,17175,0,1
2025-05-06T06:00:00+02:00,14964,72704,38,2,0,57776,0,14964
2025-05-06T09:00:00+02:00,53499,71543,2063,1698,24,18433,2,53499
2025-05-06T12:00:00+02:00,79403,68096,13801,2703,5610,5395,42,68096
2025-05-06T15:00:00+02:00,52669,57060,2384,7741,9176,8211,88,52669
2025-05-06T18:00:00+02:00,6936,55016,7,3965,0,44121,6,6936
2025-05-06T21:00:00+02:00,0,51942,0,1,0,51941,1,0
2025-05-07T00:00:00+02:00,0,21359,0,2,0,21357,0,0
2025-05-07T03:00:00+02:00,2,18482,0,2,0,18479,0,2
2025-05-07T06:00:00+02:00,8882,70339,80,1,0,61536,0,8882
2025-05-07T09:00:00+02:00,57385,74452,2471,377,1,19181,3,57385
2025-05-07T12:00:00+02:00,81487,74107,11236,2025,3235,5040,66,74107
2025-05-07T15:00:00+02:00,50559,57274,3130,8773,5286,6353,82,50559
2025-05-07T18:00:00+02:00,12750,50189,8,3551,255,34145,5,12750
2025-05-07T21:00:00+02:00,0,55688,0,1,0,55687,0,0
2025-05-08T00:00:00+02:00,0,17225,0,2,0,17222,0,0
2025-05-08T03:00:00+02:00,3,16150,0,2,0,16145,0,3
2025-05-08T06:00:00+02:00,15882,65671,80,1,0,49868,0,15882
2025-05-08T09:00:00+02:00,62264,71744,4613,118,45,13986,8,62264
2025-05-08T12:00:00+02:00,82138,70133,9179,2397,9875,4654,76,70133
2025-05-08T15:00:00+02:00,62188,58086,1745,4941,9560,2247,92,58086
2025-05-08T18:00:00+02:00,17768,58295,19,6135,201,34609,13,17768
2025-05-08T21:00:00+02:00,5,55758,0,1,0,55752,1,5
2025-05-09T00:00:00+02:00,0,24557,0,4,0,24553,0,0
2025-05-09T03:00:00+02:00,15,19993,0,2,0,19977,0,15
2025-05-09T06:00:00+02:00,16897,72568,81,1,0,55750,0,16897
2025-05-09T09:00:00+02:00,64622,69361,5656,874,0,9501,10,64622
2025-05-09T12:00:00+02:00,78780,70227,9913,3352,6209,4217,86,70227
2025-05-09T15:00:00+02:00,63386,56980,1401,4069,9971,903,96,56980
2025-05-09T18:00:00+02:00,15950,57080,10,6659,121,34594,13,15950
2025-05-09T21:00:00+02:00,7,41587,0,1,0,41580,1,7
2025-05-10T00:00:00+02:00,0,3318,0,2,0,3316,0,0
2025-05-10T03:00:00+02:00,17,3252,0,2,0,3233,0,17
2025-05-10T06:00:00+02:00,16659,3205,10883,0,2966,393,29,3205
2025-05-10T09:00:00+02:00,65258,2718,128,1,62412,0,100,2718
2025-05-10T12:00:00+02:00,85214,2730,57,2,82429,0,100,2730
2025-05-10T15:00:00+02:00,63419,2764,85,3,60572,0,100,2764
2025-05-10T18:00:00+02:00,16117,2973,84,328,13419,31,100,2973
2025-05-10T21:00:00+02:00,11,3236,0,3066,1,159,80,11
2025-05-11T00:00:00+02:00,0,3158,0,2947,2,212,47,0
2025-05-11T03:00:00+02:00,13,3082,0,2776,2,293,15,13
2025-05-11T06:00:00+02:00,16699,3064,10777,0,3191,332,31,3064
2025-05-11T09:00:00+02:00,64492,2807,95,1,61591,0,100,2807
2025-05-11T12:00:00+02:00,82653,2911,87,2,79659,0,100,2911
2025-05-11T15:00:00+02:00,62283,3214,84,3,58988,0,100,3214
2025-05-11T18:00:00+02:00,13480,3192,58,349,10612,33,100,3192
2025-05-11T21:00:00+02:00,15,3208,0,3039,1,153,79,15
2025-05-12T00:00:00+02:00,0,3108,0,2860,1,248,48,0
2025-05-12T03:00:00+02:00,25,7450,0,2886,1,4541,15,25
2025-05-12T06:00:00+02:00,16663,78743,0,1,0,62080,1,16663
2025-05-12T09:00:00+02:00,63855,72073,1580,253,3,9564,2,63855
2025-05-12T12:00:00+02:00,75128,71113,10325,3294,2058,5060,32,71113
2025-05-12T15:00:00+02:00,63261,58478,2907,3431,6026,705,94,58478
2025-05-12T18:00:00+02:00,16905,62399,7,6188,0,39311,11,16905
2025-05-12T21:00:00+02:00,20,56422,0,1,0,56401,1,20
2025-05-13T00:00:00+02:00,0,19637,0,2,0,19635,0,0
2025-05-13T03:00:00+02:00,35,17510,0,3,0,17473,0,35
2025-05-13T06:00:00+02:00,17800,72203,81,1,0,54482,0,17800
2025-05-13T09:00:00+02:00,65947,73678,3112,263,0,10584,3,65947
2025-05-13T12:00:00+02:00,85213,71866,7898,22,7654,2178,81,71866
2025-05-13T15:00:00+02:00,63674,60229,302,3393,6748,172,95,60229
2025-05-13T18:00:00+02:00,17268,60074,9,6279,210,36742,12,17268
2025-05-13T21:00:00+02:00,20,56505,0,1,0,56484,1,20
2025-05-14T00:00:00+02:00,0,20753,0,3,0,20750,0,0
2025-05-14T03:00:00+02:00,28,16336,0,3,0,16305,0,28
2025-05-14T06:00:00+02:00,15721,69500,82,1,0,53860,0,15721
2025-05-14T09:00:00+02:00,63275,75079,1956,388,7,13376,2,63275
2025-05-14T12:00:00+02:00,83499,72696,9422,53,3865,2392,69,72696
2025-05-14T15:00:00+02:00,62807,62176,283,4465,5040,208,93,62176
2025-05-14T18:00:00+02:00,17636,60457,12,5218,4,37616,8,17636
2025-05-14T21:00:00+02:00,34,57643,0,1,0,57608,1,34
2025-05-15T00:00:00+02:00,0,24018,0,2,0,24016,0,0
2025-05-15T03:00:00+02:00,0,19513,0,2,0,19510,0,0
2025-05-15T06:00:00+02:00,10013,74562,82,1,0,64630,0,10013
2025-05-15T09:00:00+02:00,53185,77097,2331,2021,11,24227,2,53185
2025-05-15T12:00:00+02:00,76100,76991,10549,1783,604,10234,32,76100
2025-05-15T15:00:00+02:00,64316,61363,3219,4396,5244,1080,94,61363
2025-05-15T18:00:00+02:00,18383,57032,7,6104,110,32659,11,18383
2025-05-15T21:00:00+02:00,38,54997,0,1,0,54959,1,38
2025-05-16T00:00:00+02:00,0,22120,0,2,0,22119,0,0
2025-05-16T03:00:00+02:00,59,18146,0,2,0,18085,0,59
2025-05-16T06:00:00+02:00,17815,65908,81,1,0,48173,0,17815
2025-05-16T09:00:00+02:00,62912,67266,6558,2765,18,8136,7,62912
2025-05-16T12:00:00+02:00,86536,70626,7417,80,9470,882,87,70626
2025-05-16T15:00:00+02:00,62801,60114,1770,4535,7701,2239,96,60114
2025-05-16T18:00:00+02:00,12489,58303,7,6551,54,39322,12,12489
2025-05-16T21:00:00+02:00,41,36413,0,1,0,36372,1,41
2025-05-17T00:00:00+02:00,0,3790,0,3,0,3787,0,0
2025-05-17T03:00:00+02:00,20,3648,0,3,0,3625,0,20
2025-05-17T06:00:00+02:00,10803,3275,7672,0,323,467,20,3275
2025-05-17T09:00:00+02:00,41739,2943,3303,0,35511,12,97,2943
2025-05-17T12:00:00+02:00,57777,2914,93,1,54788,0,100,2914
2025-05-17T15:00:00+02:00,36932,3070,84,2,33794,0,100,3070
2025-05-17T18:00:00+02:00,7658,3132,100,403,4885,56,99,3132
2025-05-17T21:00:00+02:00,52,3370,0,3171,1,147,78,52
2025-05-18T00:00:00+02:00,0,3334,0,3106,2,232,44,0
2025-05-18T03:00:00+02:00,0,3371,0,2474,2,898,11,0
2025-05-18T06:00:00+02:00,2791,3463,748,20,1,1400,2,2791
2025-05-18T09:00:00+02:00,25008,5276,10749,528,9752,242,33,5276
2025-05-18T12:00:00+02:00,60236,2717,102,1,57422,0,100,2717
2025-05-18T15:00:00+02:00,47292,2869,88,2,44338,0,100,2869
2025-05-18T18:00:00+02:00,7220,3063,87,165,4257,21,100,3063
2025-05-18T21:00:00+02:00,47,3391,0,3193,2,151,81,47
2025-05-19T00:00:00+02:00,0,3344,0,3154,2,191,47,0
2025-05-19T03:00:00+02:00,71,7424,0,2642,1,4710,13,71
2025-05-19T06:00:00+02:00,18902,68591,1,1,0,49687,1,18902
2025-05-19T09:00:00+02:00,66939,70156,3897,101,7,7015,9,66939
2025-05-19T12:00:00+02:00,83528,65661,8207,1084,11595,859,88,65661
2025-05-19T15:00:00+02:00,65036,57897,1350,2116,9053,1154,99,57897
2025-05-19T18:00:00+02:00,18693,58783,8,8587,0,31510,23,18693
2025-05-19T21:00:00+02:00,57,60235,0,1,0,60179,1,57
2025-05-20T00:00:00+02:00,0,22627,0,6,0,22621,0,0
2025-05-20T03:00:00+02:00,119,16962,0,2,0,16841,0,119
2025-05-20T06:00:00+02:00,18113,69263,82,1,0,51231,0,18113
2025-05-20T09:00:00+02:00,62289,72371,3486,1448,310,12438,4,62289
2025-05-20T12:00:00+02:00,38762,74074,16,1750,0,33575,2,38762
2025-05-20T15:00:00+02:00,38229,59809,677,588,43,21706,1,38229
2025-05-20T18:00:00+02:00,9202,60108,0,2,0,50904,1,9202
2025-05-20T21:00:00+02:00,56,59179,0,2,0,59122,0,56
2025-05-21T00:00:00+02:00,0,30536,0,2,0,30534,0,0
2025-05-21T03:00:00+02:00,113,19889,79,2,0,19854,0,113
2025-05-21T06:00:00+02:00,20319,77273,0,2,0,56953,0,20319
2025-05-21T09:00:00+02:00,61483,71089,4876,326,85,14236,8,61483
2025-05-21T12:00:00+02:00,64720,68114,7580,9678,2669,3945,71,64720
2025-05-21T15:00:00+02:00,46132,60544,1300,2080,2227,15854,3,46132
2025-05-21T18:00:00+02:00,13969,57254,0,1,0,43285,1,13969
2025-05-21T21:00:00+02:00,180,51244,0,2,0,51063,1,180
2025-05-22T00:00:00+02:00,0,22011,0,3,0,22008,1,0
2025-05-22T03:00:00+02:00,33,17791,41,2,0,17797,0,33
2025-05-22T06:00:00+02:00,10095,71015,39,2,0,60958,0,10095
2025-05-22T09:00:00+02:00,29247,70202,1573,1244,775,42066,1,29247
2025-05-22T12:00:00+02:00,73298,69834,11680,5271,4064,6995,33,69834
2025-05-22T15:00:00+02:00,55979,58423,4022,6915,7719,7244,43,55979
2025-05-22T18:00:00+02:00,12377,55826,2,1613,0,41831,3,12377
2025-05-22T21:00:00+02:00,97,53469,0,1,0,53372,1,97
2025-05-23T00:00:00+02:00,0,24312,0,4,0,24309,1,0
2025-05-23T03:00:00+02:00,88,17774,41,2,0,17725,1,88
2025-05-23T06:00:00+02:00,14737,67854,39,2,0,53154,1,14737
2025-05-23T09:00:00+02:00,40426,72447,2056,1673,273,32675,2,40426
2025-05-23T12:00:00+02:00,36406,68348,1952,1659,887,33114,2,36406
2025-05-23T15:00:00+02:00,32051,52852,3777,3157,1125,22547,5,32051
2025-05-23T18:00:00+02:00,13038,51681,4,161,0,38485,2,13038
2025-05-23T21:00:00+02:00,114,39821,0,2,0,39705,1,114
2025-05-24T00:00:00+02:00,0,4364,23,2,0,4384,1,0
2025-05-24T03:00:00+02:00,262,4267,41,2,0,4044,1,262
2025-05-24T06:00:00+02:00,20029,11129,11231,337,3364,5344,44,11129
2025-05-24T09:00:00+02:00,27340,14992,1760,4017,15207,598,89,14992
2025-05-24T12:00:00+02:00,43830,13135,3239,63,27706,189,98,13135
2025-05-24T15:00:00+02:00,24617,3529,369,74,20792,0,100,3529
2025-05-24T18:00:00+02:00,5859,3469,312,1945,4250,134,97,3469
2025-05-24T21:00:00+02:00,10,3691,0,7598,4530,435,36,10
2025-05-25T00:00:00+02:00,0,3642,0,16,0,3626,1,0
2025-05-25T03:00:00+02:00,0,3507,0,2,0,3505,0,0
2025-05-25T06:00:00+02:00,3597,3863,1112,12,4,1372,2,3597
2025-05-25T09:00:00+02:00,20543,4859,9790,0,5937,43,65,4859
2025-05-25T12:00:00+02:00,40985,3664,101,2,37261,0,100,3664
2025-05-25T15:00:00+02:00,44833,3828,112,3,40928,0,100,3828
2025-05-25T18:00:00+02:00,14499,3400,28,589,11714,56,99,3400
2025-05-25T21:00:00+02:00,24,3472,0,3301,3,150,75,24
2025-05-26T00:00:00+02:00,0,3505,0,3301,1,213,40,0
2025-05-26T03:00:00+02:00,60,6972,0,1955,2,4960,8,60
2025-05-26T06:00:00+02:00,17288,61155,1,2,0,43866,1,17288
2025-05-26T09:00:00+02:00,51528,69255,4058,3535,825,19089,5,51528
2025-05-26T12:00:00+02:00,64527,67331,8342,4988,3867,10030,11,64527
2025-05-26T15:00:00+02:00,51963,54111,5091,6926,5881,6169,18,51963
2025-05-26T18:00:00+02:00,8035,59471,1,1,0,51436,1,8035
2025-05-26T21:00:00+02:00,80,52700,0,1,0,52620,1,80
2025-05-27T00:00:00+02:00,0,18797,0,4,0,18794,1,0
2025-05-27T03:00:00+02:00,21,16782,41,2,0,16800,1,21
2025-05-27T06:00:00+02:00,12722,66871,39,2,0,54187,1,12722
2025-05-27T09:00:00+02:00,48662,71526,2107,1754,193,23392,3,48662
2025-05-27T12:00:00+02:00,25313,76764,1,1,0,51451,1,25313
2025-05-27T15:00:00+02:00,20583,60608,306,234,77,40176,1,20583
2025-05-27T18:00:00+02:00,3892,58557,0,3,0,54663,1,3892
2025-05-27T21:00:00+02:00,0,54654,0,3,0,54651,1,0
2025-05-28T00:00:00+02:00,0,22242,40,3,0,22277,1,0
2025-05-28T03:00:00+02:00,0,18000,38,2,0,18036,1,0
2025-05-28T06:00:00+02:00,4702,71356,38,2,0,66690,1,4702
2025-05-28T09:00:00+02:00,24445,69390,178,71,0,45053,1,24445
2025-05-28T12:00:00+02:00,41131,71990,4272,3514,1261,32868,4,41131
2025-05-28T15:00:00+02:00,41964,63319,4351,3798,969,22862,6,41964
2025-05-28T18:00:00+02:00,13169,59093,48,29,0,45943,2,13169
2025-05-28T21:00:00+02:00,115,38417,0,2,0,38300,1,115
2025-05-29T00:00:00+02:00,0,2742,0,3,0,2740,1,0
2025-05-29T03:00:00+02:00,235,2701,57,2,0,2520,1,235
2025-05-29T06:00:00+02:00,17279,2659,10938,26,7294,3558,50,2659
2025-05-29T09:00:00+02:00,33017,2604,409,73,30079,0,100,2604
2025-05-29T12:00:00+02:00,36546,2477,362,73,33780,0,100,2477
2025-05-29T15:00:00+02:00,33198,2657,362,73,30253,0,100,2657
2025-05-29T18:00:00+02:00,13985,2590,415,519,11574,52,100,2590
2025-05-29T21:00:00+02:00,26,2884,0,7525,4775,21,57,26
2025-05-30T00:00:00+02:00,0,2829,0,1560,926,2152,3,0
2025-05-30T03:00:00+02:00,202,3469,0,4,0,3263,1,202
2025-05-30T06:00:00+02:00,14886,65447,0,2,0,50559,1,14886
2025-05-30T09:00:00+02:00,67073,68218,5996,934,700,6893,13,67073
2025-05-30T12:00:00+02:00,59391,66232,5805,8878,3479,7241,28,59391
2025-05-30T15:00:00+02:00,59222,61206,3017,2957,5698,7717,7,59222
2025-05-30T18:00:00+02:00,21125,58274,6,1,0,37154,2,21125
2025-05-30T21:00:00+02:00,90,38692,0,1,0,38601,1,90
2025-05-31T00:00:00+02:00,0,2944,0,9,0,2935,1,0
2025-05-31T03:00:00+02:00,375,2980,38,3,1,2640,0,375
2025-05-31T06:00:00+02:00,17196,2700,10877,0,3653,34,38,2700
2025-05-31T09:00:00+02:00,61477,2599,102,2,58790,0,100,2599
2025-05-31T12:00:00+02:00,65753,2654,59,4,63046,0,100,2654
2025-05-31T15:00:00+02:00,32992,2851,111,19,30053,2,100,2851
2025-05-31T18:00:00+02:00,9341,2853,57,1247,7706,28,97,2853
2025-05-31T21:00:00+02:00,0,2994,0,2975,22,41,70,0
2025-06-01T00:00:00+02:00,0,2912,0,2857,20,76,39,0
2025-06-01T03:00:00+02:00,11,2865,0,2020,17,849,9,11
2025-06-01T06:00:00+02:00,9869,2822,7425,1,330,707,19,2822
2025-06-01T09:00:00+02:00,29272,2828,3384,1,23062,0,97,2828
2025-06-01T12:00:00+02:00,54040,2675,124,3,51249,0,100,2675
2025-06-01T15:00:00+02:00,46777,2707,87,4,44004,0,100,2707
2025-06-01T18:00:00+02:00,14218,2868,61,198,11496,9,100,2868
2025-06-01T21:00:00+02:00,76,2961,0,2868,18,36,82,76
2025-06-02T00:00:00+02:00,0,2835,0,2768,15,84,51,0
2025-06-02T03:00:00+02:00,219,7294,0,3269,15,3820,19,219
2025-06-02T06:00:00+02:00,18232,76518,0,1,0,58285,1,18232
2025-06-02T09:00:00+02:00,70306,77983,3367,118,39,10956,5,70306
2025-06-02T12:00:00+02:00,66736,73486,8076,8160,2986,9634,26,66736
2025-06-02T15:00:00+02:00,49030,57769,2751,4202,5070,12354,13,49030
2025-06-02T18:00:00+02:00,13823,59221,0,1,0,45397,1,13823
2025-06-02T21:00:00+02:00,298,56954,0,1,0,56655,1,298
2025-06-03T00:00:00+02:00,0,21241,0,2,0,21238,0,0
2025-06-03T03:00:00+02:00,232,16683,0,3,0,16449,0,232
2025-06-03T06:00:00+02:00,21212,72726,80,2,0,51592,0,21212
2025-06-03T09:00:00+02:00,59398,68514,4261,3496,458,10323,3,59398
2025-06-03T12:00:00+02:00,72892,67636,9749,4753,5293,5032,26,67636
2025-06-03T15:00:00+02:00,52192,57043,3469,6226,3647,5730,38,52192
2025-06-03T18:00:00+02:00,9806,58949,7,824,0,48323,2,9806
2025-06-03T21:00:00+02:00,54,56778,0,1,0,56723,1,54
2025-06-04T00:00:00+02:00,0,20476,0,4,0,20473,1,0
2025-06-04T03:00:00+02:00,190,19616,42,2,0,19465,1,190
2025-06-04T06:00:00+02:00,17941,68330,40,1,0,50428,1,17941
2025-06-04T09:00:00+02:00,61485,71828,2678,899,7,12107,3,61485
2025-06-04T12:00:00+02:00,56487,70708,4482,4487,772,14979,12,56487
2025-06-04T15:00:00+02:00,29954,56657,1783,2449,212,26248,4,29954
2025-06-04T18:00:00+02:00,9586,53939,0,2,0,44352,2,9586
2025-06-04T21:00:00+02:00,291,51625,43,2,0,51375,1,291
2025-06-05T00:00:00+02:00,0,22856,0,3,0,22852,1,0
2025-06-05T03:00:00+02:00,192,17451,80,2,0,17337,1,192
2025-06-05T06:00:00+02:00,10814,67762,41,1,0,56988,1,10814
2025-06-05T09:00:00+02:00,40942,69930,392,242,29,29169,2,40942
2025-06-05T12:00:00+02:00,41397,71232,831,684,110,30098,3,41397
2025-06-05T15:00:00+02:00,38219,57006,574,498,1,18869,3,38219
2025-06-05T18:00:00+02:00,12417,55293,1,2,0,42875,3,12417
2025-06-05T21:00:00+02:00,90,52074,40,2,0,52021,2,90
2025-06-06T00:00:00+02:00,0,21562,19,3,0,21578,2,0
2025-06-06T03:00:00+02:00,17,17346,21,2,0,17349,1,17
2025-06-06T06:00:00+02:00,12183,69808,115,1,0,57738,2,12183
2025-06-06T09:00:00+02:00,43086,74190,1493,1203,71,31458,2,43086
2025-06-06T12:00:00+02:00,56909,68326,6106,5382,2303,14461,8,56909
2025-06-06T15:00:00+02:00,43369,56704,2924,2557,562,14256,4,43369
2025-06-06T18:00:00+02:00,16450,59939,2,2,0,43489,2,16450
2025-06-06T21:00:00+02:00,238,39826,43,2,0,39628,2,238
2025-06-07T00:00:00+02:00,0,3872,0,2,0,3870,2,0
2025-06-07T03:00:00+02:00,179,3847,81,2,0,3746,2,179
2025-06-07T06:00:00+02:00,10899,3643,9709,46,275,2671,25,3643
2025-06-07T09:00:00+02:00,29739,3705,1330,1,24701,0,100,3705
2025-06-07T12:00:00+02:00,50426,3466,90,2,46889,0,100,3466
2025-06-07T15:00:00+02:00,53267,3304,199,82,49892,28,100,3304
2025-06-07T18:00:00+02:00,11660,3479,80,1142,9270,21,97,3479
2025-06-07T21:00:00+02:00,212,3805,0,4925,1337,1,63,212
2025-06-08T00:00:00+02:00,0,3751,0,3168,585,1165,13,0
2025-06-08T03:00:00+02:00,42,3801,0,4,0,3755,1,42
2025-06-08T06:00:00+02:00,7309,4024,3921,17,4,618,12,4024
2025-06-08T09:00:00+02:00,25391,4004,7001,4,14445,54,87,4004
2025-06-08T12:00:00+02:00,38650,3510,127,3,35024,0,100,3510
2025-06-08T15:00:00+02:00,49808,3378,108,4,46336,0,100,3378
2025-06-08T18:00:00+02:00,11762,3509,523,388,8210,90,99,3509
2025-06-08T21:00:00+02:00,332,3687,0,3124,1,231,84,332
2025-06-09T00:00:00+02:00,0,3745,0,3443,0,299,48,0
2025-06-09T03:00:00+02:00,161,3676,0,2599,1,918,12,161
2025-06-09T06:00:00+02:00,17056,3641,10659,0,3024,264,30,3641
2025-06-09T09:00:00+02:00,65003,3258,186,3,61561,0,100,3258
2025-06-09T12:00:00+02:00,43684,3422,89,4,40180,0,100,3422
2025-06-09T15:00:00+02:00,34085,3446,85,4,30558,0,100,3446
2025-06-09T18:00:00+02:00,21278,3484,84,13,17723,2,100,3484
2025-06-09T21:00:00+02:00,453,3696,0,3077,44,207,85,453
2025-06-10T00:00:00+02:00,0,3731,0,3403,0,327,49,0
2025-06-10T03:00:00+02:00,185,7833,0,2664,0,4986,13,185
2025-06-10T06:00:00+02:00,6796,71073,0,1,0,64276,1,6796
2025-06-10T09:00:00+02:00,30051,66125,379,304,73,36213,1,30051
2025-06-10T12:00:00+02:00,53542,67593,2454,2143,880,15231,3,53542
2025-06-10T15:00:00+02:00,13783,59097,0,2,0,45311,1,13783
2025-06-10T18:00:00+02:00,12161,53893,1,3,0,41730,1,12161
2025-06-10T21:00:00+02:00,399,55247,0,2,0,54845,0,399
2025-06-11T00:00:00+02:00,0,27444,40,3,0,27481,1,0
2025-06-11T03:00:00+02:00,294,16927,39,2,0,16669,1,294
2025-06-11T06:00:00+02:00,20269,68999,41,2,0,48769,0,20269
2025-06-11T09:00:00+02:00,53663,67010,6165,2439,312,17365,8,53663
2025-06-11T12:00:00+02:00,88992,65833,7590,55,16299,679,87,65833
2025-06-11T15:00:00+02:00,69241,57814,194,1888,13225,90,98,57814
2025-06-11T18:00:00+02:00,22925,54998,5,7682,325,24716,18,22925
2025-06-11T21:00:00+02:00,273,46207,0,1,0,45933,1,273
2025-06-12T00:00:00+02:00,0,25029,0,6,0,25023,1,0
2025-06-12T03:00:00+02:00,275,17311,0,3,0,17033,0,275
2025-06-12T06:00:00+02:00,21962,61493,81,2,0,39611,0,21962
2025-06-12T09:00:00+02:00,69920,67400,7448,650,75,4358,16,67400
2025-06-12T12:00:00+02:00,87956,68851,4180,2,15677,744,96,68851
2025-06-12T15:00:00+02:00,67708,58030,260,2389,11974,140,97,58030
2025-06-12T18:00:00+02:00,21076,50369,9,7222,722,22796,16,21076
2025-06-12T21:00:00+02:00,364,44564,0,1,0,44199,1,364
2025-06-13T00:00:00+02:00,0,20867,0,3,0,20864,0,0
2025-06-13T03:00:00+02:00,286,17850,0,3,0,17561,0,286
2025-06-13T06:00:00+02:00,18852,62779,82,1,0,44007,0,18852
2025-06-13T09:00:00+02:00,64337,71222,2060,731,13,8231,3,64337
2025-06-13T12:00:00+02:00,81650,61730,9379,2,11705,1159,78,61730
2025-06-13T15:00:00+02:00,63776,57140,583,2804,9240,375,97,57140
2025-06-13T18:00:00+02:00,20822,56778,16,7115,277,29126,15,20822
2025-06-13T21:00:00+02:00,290,39205,5,1,0,38919,1,290
2025-06-14T00:00:00+02:00,0,3757,0,2,0,3755,0,0
2025-06-14T03:00:00+02:00,281,3714,31,3,0,3462,0,281
2025-06-14T06:00:00+02:00,19158,3602,10873,19,8879,4129,57,3602
2025-06-14T09:00:00+02:00,62901,3176,355,75,59446,0,100,3176
2025-06-14T12:00:00+02:00,76855,3203,351,74,73374,0,100,3203
2025-06-14T15:00:00+02:00,22851,3710,408,98,18834,2,100,3710
2025-06-14T18:00:00+02:00,9802,4019,378,131,5573,34,100,4019
2025-06-14T21:00:00+02:00,310,3986,19,8150,4748,46,60,310
2025-06-15T00:00:00+02:00,0,3728,7,1276,721,3154,2,0
2025-06-15T03:00:00+02:00,476,3718,46,2,0,3285,1,476
2025-06-15T06:00:00+02:00,3763,3610,2473,6,27,2339,4,3610
2025-06-15T09:00:00+02:00,33454,3197,8306,1,21983,32,81,3197
2025-06-15T12:00:00+02:00,48667,3031,101,2,45539,0,100,3031
2025-06-15T15:00:00+02:00,41174,3166,88,3,37923,0,100,3166
2025-06-15T18:00:00+02:00,14592,3354,92,5,11152,0,100,3354
2025-06-15T21:00:00+02:00,614,3562,11,2903,79,140,86,614
2025-06-16T00:00:00+02:00,0,3600,0,3408,2,196,51,0
2025-06-16T03:00:00+02:00,295,7119,0,2851,2,3974,15,295
2025-06-16T06:00:00+02:00,20296,73003,0,1,0,52706,2,20296
2025-06-16T09:00:00+02:00,58290,67243,5250,2953,327,11576,8,58290
2025-06-16T12:00:00+02:00,47562,67190,3519,4395,1225,19969,6,47562
2025-06-16T15:00:00+02:00,46120,51637,3990,3902,2401,7997,7,46120
2025-06-16T18:00:00+02:00,14567,51005,9,1,0,36447,1,14567
2025-06-16T21:00:00+02:00,485,46112,0,1,0,45626,1,485
2025-06-17T00:00:00+02:00,0,16088,0,4,0,16085,1,0
2025-06-17T03:00:00+02:00,269,16819,42,2,0,16590,1,269
2025-06-17T06:00:00+02:00,20979,67911,41,2,0,46971,1,20979
2025-06-17T09:00:00+02:00,67985,69784,5897,256,4,7451,14,67985
2025-06-17T12:00:00+02:00,85885,62509,5486,232,18624,502,93,62509
2025-06-17T15:00:00+02:00,66684,53133,582,1331,14667,358,99,53133
2025-06-17T18:00:00+02:00,21683,53650,37,8548,305,23756,26,21683
2025-06-17T21:00:00+02:00,247,53269,3,1,0,53024,1,247
2025-06-18T00:00:00+02:00,0,17976,0,6,0,17971,0,0
2025-06-18T03:00:00+02:00,273,16993,0,3,0,16716,0,273
2025-06-18T06:00:00+02:00,18996,66988,83,1,0,48075,0,18996
2025-06-18T09:00:00+02:00,63466,66955,6468,186,5,9778,16,63466
2025-06-18T12:00:00+02:00,86811,63827,4730,212,18809,345,95,63827
2025-06-18T15:00:00+02:00,60211,55748,1369,4910,10860,2842,90,55748
2025-06-18T18:00:00+02:00,17252,56306,17,5689,322,33696,11,17252
2025-06-18T21:00:00+02:00,292,40325,2,1,0,40034,1,292
2025-06-19T00:00:00+02:00,0,3929,0,3,0,3926,0,0
2025-06-19T03:00:00+02:00,239,3829,28,3,0,3615,0,239
2025-06-19T06:00:00+02:00,21117,3593,10894,15,10531,3876,56,3593
2025-06-19T09:00:00+02:00,68765,3138,365,73,65334,0,100,3138
2025-06-19T12:00:00+02:00,89175,3027,362,74,85860,0,100,3027
2025-06-19T15:00:00+02:00,54049,3440,362,74,50324,0,100,3440
2025-06-19T18:00:00+02:00,24354,3657,374,110,20463,32,100,3657
2025-06-19T21:00:00+02:00,313,4058,0,8937,5402,25,57,313
2025-06-20T00:00:00+02:00,0,3902,7,482,263,3686,1,0
2025-06-20T03:00:00+02:00,256,3833,0,3,0,3575,1,256
2025-06-20T06:00:00+02:00,21753,4495,10818,0,6585,145,39,4495
2025-06-20T09:00:00+02:00,70603,4205,62,2,66339,0,100,4205
2025-06-20T12:00:00+02:00,88409,3459,90,3,84863,0,100,3459
2025-06-20T15:00:00+02:00,68558,3311,89,4,65161,0,100,3311
2025-06-20T18:00:00+02:00,22996,3722,88,147,19350,17,100,3722
2025-06-20T21:00:00+02:00,253,3852,0,3478,4,127,80,253
2025-06-21T00:00:00+02:00,0,3868,0,3690,5,184,42,0
2025-06-21T03:00:00+02:00,282,3845,0,1926,1,1638,7,282
2025-06-21T06:00:00+02:00,21230,3579,10761,0,6991,101,41,3579
2025-06-21T09:00:00+02:00,67601,3209,96,2,64298,0,100,3209
2025-06-21T12:00:00+02:00,85231,3361,95,3,81778,0,100,3361
2025-06-21T15:00:00+02:00,66777,3536,59,3,63185,0,100,3536
2025-06-21T18:00:00+02:00,22760,3920,91,39,18792,3,100,3920
2025-06-21T21:00:00+02:00,342,4028,0,3571,4,117,82,342
2025-06-22T00:00:00+02:00,0,3924,0,3743,4,189,41,0
2025-06-22T03:00:00+02:00,228,3682,0,1879,1,1576,7,228
2025-06-22T06:00:00+02:00,20910,3741,10761,0,6557,149,41,3741
2025-06-22T09:00:00+02:00,64036,3522,95,3,60423,0,100,3522
2025-06-22T12:00:00+02:00,77768,3573,60,4,74140,0,100,3573
2025-06-22T15:00:00+02:00,47248,3829,64,4,43361,0,100,3829
2025-06-22T18:00:00+02:00,16661,3868,91,13,12719,3,100,3868
2025-06-22T21:00:00+02:00,224,4119,0,3782,4,116,81,224
2025-06-23T00:00:00+02:00,0,3949,0,3790,4,166,40,0
2025-06-23T03:00:00+02:00,124,7918,2,1676,2,6120,6,124
2025-06-23T06:00:00+02:00,14719,68381,0,1,0,53661,2,14719
2025-06-23T09:00:00+02:00,37599,71235,351,249,5,33749,2,37599
2025-06-23T12:00:00+02:00,47129,67494,4817,4237,1518,22445,13,47129
2025-06-23T15:00:00+02:00,42974,58972,4009,3786,1132,17327,7,42974
2025-06-23T18:00:00+02:00,22656,56610,22,1,0,33974,2,22656
2025-06-23T21:00:00+02:00,426,54913,0,1,0,54485,2,426
2025-06-24T00:00:00+02:00,0,23295,43,2,0,23337,1,0
2025-06-24T03:00:00+02:00,282,19867,0,3,0,19582,1,282
2025-06-24T06:00:00+02:00,19340,67402,84,1,0,48146,1,19340
2025-06-24T09:00:00+02:00,59606,71216,4347,3336,446,13054,6,59606
2025-06-24T12:00:00+02:00,50022,73342,3774,3738,510,23848,9,50022
2025-06-24T15:00:00+02:00,27395,58671,94,32,0,31335,2,27395
2025-06-24T18:00:00+02:00,18869,62084,0,2,0,43212,2,18869
2025-06-24T21:00:00+02:00,508,56635,43,2,0,56168,2,508
2025-06-25T00:00:00+02:00,0,20124,43,3,0,20164,2,0
2025-06-25T03:00:00+02:00,214,17173,67,2,0,17024,2,214
2025-06-25T06:00:00+02:00,20313,67777,9,2,0,47471,2,20313
2025-06-25T09:00:00+02:00,68449,67290,7547,301,44,6100,18,67290
2025-06-25T12:00:00+02:00,80918,72186,4394,2492,9637,2811,96,72186
2025-06-25T15:00:00+02:00,59341,58690,4963,5001,3129,2429,87,58690
2025-06-25T18:00:00+02:00,18140,62867,12,7087,41,37693,18,18140
2025-06-25T21:00:00+02:00,405,55832,6,1,0,55431,1,405
2025-06-26T00:00:00+02:00,0,19951,0,5,0,19946,0,0
2025-06-26T03:00:00+02:00,0,19875,32,2,0,19904,0,0
2025-06-26T06:00:00+02:00,13258,76637,53,2,0,63431,0,13258
2025-06-26T09:00:00+02:00,40921,71964,1044,471,69,31692,1,40921
2025-06-26T12:00:00+02:00,40947,73467,2929,3080,498,32863,3,40947
2025-06-26T15:00:00+02:00,40699,61328,2613,2251,658,21628,2,40699
2025-06-26T18:00:00+02:00,16364,61209,10,2,0,44852,1,16364
2025-06-26T21:00:00+02:00,108,55480,0,3,0,55370,1,108
2025-06-27T00:00:00+02:00,0,24530,0,7,0,24522,1,0
2025-06-27T03:00:00+02:00,213,19962,0,3,0,19746,1,213
2025-06-27T06:00:00+02:00,7491,69016,44,1,0,61568,1,7491
2025-06-27T09:00:00+02:00,38580,65769,1612,1267,262,27784,2,38580
2025-06-27T12:00:00+02:00,39780,66645,1829,1606,333,27421,3,39780
2025-06-27T15:00:00+02:00,27485,57749,607,492,1,30373,2,27485
2025-06-27T18:00:00+02:00,19353,56835,43,42,0,37481,2,19353
2025-06-27T21:00:00+02:00,701,47165,0,3,0,46461,1,701
2025-06-28T00:00:00+02:00,0,8047,41,3,0,8086,1,0
2025-06-28T03:00:00+02:00,190,5676,0,3,0,5483,1,190
2025-06-28T06:00:00+02:00,21145,3223,10621,16,10522,3198,54,3223
2025-06-28T09:00:00+02:00,66995,2211,351,75,64563,0,100,2211
2025-06-28T12:00:00+02:00,71608,2173,361,72,69251,0,100,2173
2025-06-28T15:00:00+02:00,46990,7016,363,75,39694,0,100,7016
2025-06-28T18:00:00+02:00,21004,2503,365,77,18216,2,100,2503
2025-06-28T21:00:00+02:00,310,3057,38,6016,3519,88,73,310
2025-06-29T00:00:00+02:00,0,2904,0,3391,1596,1021,12,0
2025-06-29T03:00:00+02:00,193,4777,0,3,0,4580,1,193
2025-06-29T06:00:00+02:00,20006,3298,10782,1,6266,342,38,3298
2025-06-29T09:00:00+02:00,65977,2111,94,3,63774,0,100,2111
2025-06-29T12:00:00+02:00,70905,2122,57,4,68768,0,100,2122
2025-06-29T15:00:00+02:00,66875,2296,88,4,64503,0,100,2296
2025-06-29T18:00:00+02:00,19865,2508,88,4,17272,0,100,2508
2025-06-29T21:00:00+02:00,460,3218,1,2678,35,117,87,460
2025-06-30T00:00:00+02:00,0,2806,0,2639,5,173,57,0
2025-06-30T03:00:00+02:00,213,5501,1,3772,12,1527,25,213
2025-06-30T06:00:00+02:00,20052,70145,1,1,0,50093,2,20052
2025-06-30T09:00:00+02:00,66033,71169,2480,435,1,7181,4,66033
2025-06-30T12:00:00+02:00,81560,72600,10086,1216,2324,2230,66,72600
2025-06-30T15:00:00+02:00,67597,60129,191,1598,9279,402,98,60129
2025-06-30T18:00:00+02:00,23873,60230,14,7963,0,28400,23,23873
2025-06-30T21:00:00+02:00,302,58424,18,0,0,58141,1,302
2025-07-01T00:00:00+02:00,0,19674,0,5,0,19669,0,0
2025-07-01T03:00:00+02:00,177,18204,42,2,0,18068,0,177
2025-07-01T06:00:00+02:00,19721,67817,43,1,0,48138,0,19721
2025-07-01T09:00:00+02:00,64985,69884,3288,212,0,7969,4,64985
2025-07-01T12:00:00+02:00,81341,71326,8389,595,4598,2368,84,71326
2025-07-01T15:00:00+02:00,66231,63865,214,4881,7345,315,92,63865
2025-07-01T18:00:00+02:00,22040,63811,20,4801,9,36998,9,22040
2025-07-01T21:00:00+02:00,302,58229,17,1,0,57943,1,302
2025-07-02T00:00:00+02:00,0,18957,0,2,0,18955,0,0
2025-07-02T03:00:00+02:00,224,17748,42,2,0,17564,0,224
2025-07-02T06:00:00+02:00,18584,62617,43,1,0,44074,1,18584
2025-07-02T09:00:00+02:00,62584,66421,4864,98,0,8603,7,62584
2025-07-02T12:00:00+02:00,80602,69550,6094,24,5945,954,88,69550
2025-07-02T15:00:00+02:00,28577,62555,56,9573,4297,28756,55,28577
2025-07-02T18:00:00+02:00,1847,59932,25,0,0,58110,1,1847
2025-07-02T21:00:00+02:00,306,53083,6,1,0,52782,0,306
2025-07-03T00:00:00+02:00,0,17750,43,2,0,17791,0,0
2025-07-03T03:00:00+02:00,79,16374,43,2,0,16336,1,79
2025-07-03T06:00:00+02:00,18167,65943,0,1,0,47775,1,18167
2025-07-03T09:00:00+02:00,61602,72038,7701,2192,1877,17802,12,61602
2025-07-03T12:00:00+02:00,82444,69596,5887,3331,13705,3414,60,69596
2025-07-03T15:00:00+02:00,68844,57861,4696,2986,11606,2319,85,57861
2025-07-03T18:00:00+02:00,25673,61506,12,7483,292,28638,22,25673
2025-07-03T21:00:00+02:00,266,60841,12,0,0,60586,1,266
2025-07-04T00:00:00+02:00,0,18371,0,5,0,18366,1,0
2025-07-04T03:00:00+02:00,172,17931,42,2,0,17800,1,172
2025-07-04T06:00:00+02:00,20444,70000,42,1,0,49598,1,20444
2025-07-04T09:00:00+02:00,68625,68465,7776,245,189,7560,18,68465
2025-07-04T12:00:00+02:00,84498,66031,4994,1536,16629,1620,95,66031
2025-07-04T15:00:00+02:00,55229,58497,2402,7522,4573,2719,78,55229
2025-07-04T18:00:00+02:00,20905,58342,168,4180,102,33525,10,20905
2025-07-04T21:00:00+02:00,458,43314,2,1,0,42857,1,458
2025-07-05T00:00:00+02:00,0,3791,0,5,0,3786,0,0
2025-07-05T03:00:00+02:00,207,3657,24,2,0,3471,0,207
2025-07-05T06:00:00+02:00,14950,3552,10822,10,5828,5227,54,3552
2025-07-05T09:00:00+02:00,48846,3276,389,73,45259,0,100,3276
2025-07-05T12:00:00+02:00,76133,3150,385,73,72705,0,100,3150
2025-07-05T15:00:00+02:00,37147,3478,333,75,33413,0,100,3478
2025-07-05T18:00:00+02:00,17285,3610,321,392,13810,41,100,3610
2025-07-05T21:00:00+02:00,105,3964,1,9037,5552,205,48,105
2025-07-06T00:00:00+02:00,0,3785,6,13,0,3777,1,0
2025-07-06T03:00:00+02:00,189,3692,0,2,0,3501,1,189
2025-07-06T06:00:00+02:00,12927,3707,9011,1,509,297,24,3707
2025-07-06T09:00:00+02:00,31017,5997,1856,2,23164,0,99,5997
2025-07-06T12:00:00+02:00,19904,5564,91,3,14252,0,100,5564
2025-07-06T15:00:00+02:00,17374,5530,90,11,11767,1,100,5530
2025-07-06T18:00:00+02:00,7120,5442,105,1137,2752,42,98,5442
2025-07-06T21:00:00+02:00,88,5698,0,5546,20,85,60,88
2025-07-07T00:00:00+02:00,0,5595,0,2679,12,2931,9,0
2025-07-07T03:00:00+02:00,35,6148,0,4,0,6109,1,35
2025-07-07T06:00:00+02:00,3482,68069,0,2,0,64585,1,3482
2025-07-07T09:00:00+02:00,42739,72777,1390,1121,94,30397,1,42739
2025-07-07T12:00:00+02:00,53945,76162,5048,3940,679,24005,5,53945
2025-07-07T15:00:00+02:00,26249,65719,422,591,48,39350,1,26249
2025-07-07T18:00:00+02:00,15279,55911,0,286,0,40343,1,15279
2025-07-07T21:00:00+02:00,352,50725,0,2,0,50371,1,352
2025-07-08T00:00:00+02:00,0,24127,0,2,0,24124,1,0
2025-07-08T03:00:00+02:00,104,17903,41,2,0,17838,1,104
2025-07-08T06:00:00+02:00,14409,61377,46,1,0,47012,1,14409
2025-07-08T09:00:00+02:00,29332,70839,233,119,0,41623,1,29332
2025-07-08T12:00:00+02:00,42578,73472,1375,1159,68,31178,1,42578
2025-07-08T15:00:00+02:00,34036,60682,2415,2100,463,27414,3,34036
2025-07-08T18:00:00+02:00,17531,58472,1,2,0,40940,1,17531
2025-07-08T21:00:00+02:00,49,51193,0,2,0,51141,1,49
2025-07-09T00:00:00+02:00,0,22577,0,3,0,22573,1,0
2025-07-09T03:00:00+02:00,33,18718,40,2,0,18723,1,33
2025-07-09T06:00:00+02:00,10451,67331,42,1,0,56921,1,10451
2025-07-09T09:00:00+02:00,32235,71216,78,1,0,39058,0,32235
2025-07-09T12:00:00+02:00,43870,73267,597,188,74,29873,2,43870
2025-07-09T15:00:00+02:00,53816,59512,6611,6028,2684,8930,15,53816
2025-07-09T18:00:00+02:00,22735,52926,4,2,0,30194,2,22735
2025-07-09T21:00:00+02:00,297,49123,0,2,0,48824,1,297
2025-07-10T00:00:00+02:00,0,28176,43,2,0,28216,1,0
2025-07-10T03:00:00+02:00,106,21594,42,2,0,21527,1,106
2025-07-10T06:00:00+02:00,16251,55030,82,2,0,38860,1,16251
2025-07-10T09:00:00+02:00,60922,68813,2919,2388,53,8470,4,60922
2025-07-10T12:00:00+02:00,68971,68451,9686,7271,3518,5418,26,68451
2025-07-10T15:00:00+02:00,49552,60924,1969,3140,4742,14940,4,49552
2025-07-10T18:00:00+02:00,21919,55154,32,10,0,33257,2,21919
2025-07-10T21:00:00+02:00,332,53320,0,2,0,52987,2,332
2025-07-11T00:00:00+02:00,0,25466,44,2,0,25507,2,0
2025-07-11T03:00:00+02:00,1,21783,84,2,0,21865,2,1
2025-07-11T06:00:00+02:00,6948,69919,125,2,0,63095,2,6948
2025-07-11T09:00:00+02:00,29055,74484,214,70,0,45573,2,29055
2025-07-11T12:00:00+02:00,57342,64174,5783,4046,2906,11456,6,57342
2025-07-11T15:00:00+02:00,48535,54445,5866,6158,3119,8717,12,48535
2025-07-11T18:00:00+02:00,21468,56485,21,42,0,34997,3,21468
2025-07-11T21:00:00+02:00,359,37392,44,2,0,37075,2,359
2025-07-12T00:00:00+02:00,0,3386,43,3,0,3426,3,0
2025-07-12T03:00:00+02:00,97,3442,43,3,0,3386,2,97
2025-07-12T06:00:00+02:00,8093,3047,7251,0,87,2290,17,3047
2025-07-12T09:00:00+02:00,50747,2768,3721,1,44419,159,96,2768
2025-07-12T12:00:00+02:00,83964,2707,103,2,81159,0,99,2707
2025-07-12T15:00:00+02:00,56324,3022,95,3,53217,0,99,3022
2025-07-12T18:00:00+02:00,8195,3439,113,1413,6075,19,96,3439
2025-07-12T21:00:00+02:00,197,3525,0,4747,1422,0,60,197
2025-07-13T00:00:00+02:00,0,3317,0,3102,599,812,13,0
2025-07-13T03:00:00+02:00,25,3227,0,3,0,3199,1,25
2025-07-13T06:00:00+02:00,6877,3091,4122,0,12,347,12,3091
2025-07-13T09:00:00+02:00,16345,6204,7162,336,3392,77,60,6204
2025-07-13T12:00:00+02:00,27124,5087,126,1,21913,0,99,5087
2025-07-13T15:00:00+02:00,55846,4737,99,2,51012,0,99,4737
2025-07-13T18:00:00+02:00,15196,5259,145,607,10434,35,99,5259
2025-07-13T21:00:00+02:00,116,5467,0,5257,8,104,67,116
2025-07-14T00:00:00+02:00,0,3575,0,3381,3,196,19,0
2025-07-14T03:00:00+02:00,85,6476,0,95,0,6296,2,85
2025-07-14T06:00:00+02:00,16022,75559,0,2,0,59536,1,16022
2025-07-14T09:00:00+02:00,47105,74686,84,2,0,27662,1,47105
2025-07-14T12:00:00+02:00,47929,72862,990,838,123,25198,1,47929
2025-07-14T15:00:00+02:00,46173,60129,2590,2264,565,14841,3,46173
2025-07-14T18:00:00+02:00,12511,57509,1,2,0,44996,1,12511
2025-07-14T21:00:00+02:00,215,54889,0,2,0,54671,1,215
2025-07-15T00:00:00+02:00,0,14372,0,3,0,14369,1,0
2025-07-15T03:00:00+02:00,0,18751,41,3,0,18789,1,0
2025-07-15T06:00:00+02:00,9299,63760,39,1,0,54499,0,9299
2025-07-15T09:00:00+02:00,61810,66746,7069,2765,676,9927,7,61810
2025-07-15T12:00:00+02:00,72651,68182,7812,5281,8496,6553,43,68182
2025-07-15T15:00:00+02:00,56653,50695,3522,5378,10513,2679,46,50695
2025-07-15T18:00:00+02:00,16298,51248,2,2733,47,32265,4,16298
2025-07-15T21:00:00+02:00,131,47945,0,1,0,47812,1,131
2025-07-16T00:00:00+02:00,0,14834,0,2,0,14832,1,0
2025-07-16T03:00:00+02:00,0,13841,42,2,0,13881,1,0
2025-07-16T06:00:00+02:00,4488,63561,43,2,0,59114,1,4488
2025-07-16T09:00:00+02:00,24899,72302,209,43,17,47586,1,24899
2025-07-16T12:00:00+02:00,25517,74200,238,170,12,48763,1,25517
2025-07-16T15:00:00+02:00,17856,62991,0,3,0,45132,1,17856
2025-07-16T18:00:00+02:00,13770,58264,40,3,0,44531,1,13770
2025-07-16T21:00:00+02:00,254,51762,0,3,0,51506,1,254
2025-07-17T00:00:00+02:00,0,15165,40,3,0,15202,1,0
2025-07-17T03:00:00+02:00,0,14264,43,2,0,14304,1,0
2025-07-17T06:00:00+02:00,10567,70246,40,1,0,59718,1,10567
2025-07-17T09:00:00+02:00,50618,68784,5755,2733,839,22008,5,50618
2025-07-17T12:00:00+02:00,53418,70966,4036,5740,989,16845,14,53418
2025-07-17T15:00:00+02:00,37290,63052,1020,879,392,26306,2,37290
2025-07-17T18:00:00+02:00,21144,61117,1,2,0,39972,2,21144
2025-07-17T21:00:00+02:00,174,55746,42,2,0,55613,2,174
2025-07-18T00:00:00+02:00,0,14707,42,2,0,14746,1,0
2025-07-18T03:00:00+02:00,102,14168,40,2,0,14102,1,102
2025-07-18T06:00:00+02:00,17289,60397,84,2,0,43190,1,17289
2025-07-18T09:00:00+02:00,59220,68854,3449,226,21,12878,7,59220
2025-07-18T12:00:00+02:00,72533,70189,7616,5049,1257,1461,27,70189
2025-07-18T15:00:00+02:00,57410,58180,4764,5514,3178,3186,55,57410
2025-07-18T18:00:00+02:00,15630,56366,0,2670,0,38064,5,15630
2025-07-18T21:00:00+02:00,278,41473,11,2,0,41204,2,278
2025-07-19T00:00:00+02:00,0,3399,79,2,0,3476,2,0
2025-07-19T03:00:00+02:00,66,3243,44,2,0,3219,2,66
2025-07-19T06:00:00+02:00,16614,3539,10812,0,7144,4869,50,3539
2025-07-19T09:00:00+02:00,63094,3022,120,1,59953,0,99,3022
2025-07-19T12:00:00+02:00,77424,2817,85,2,74524,0,99,2817
2025-07-19T15:00:00+02:00,43586,3098,210,42,40321,0,99,3098
2025-07-19T18:00:00+02:00,15919,3321,336,726,13045,18,99,3321
2025-07-19T21:00:00+02:00,1,3728,7,8632,5114,7,47,1
2025-07-20T00:00:00+02:00,0,3450,3,119,56,3388,2,0
2025-07-20T03:00:00+02:00,72,3311,0,3,0,3237,1,72
2025-07-20T06:00:00+02:00,12254,3125,8794,0,560,223,26,3125
2025-07-20T09:00:00+02:00,49175,2880,2109,1,44192,2,99,2880
2025-07-20T12:00:00+02:00,49887,2938,90,2,46868,0,100,2938
2025-07-20T15:00:00+02:00,34173,3094,86,3,31001,0,100,3094
2025-07-20T18:00:00+02:00,9575,3175,782,612,6269,39,99,3175
2025-07-20T21:00:00+02:00,192,3356,0,3033,2,133,84,192
2025-07-21T00:00:00+02:00,0,3261,0,3071,2,190,51,0
2025-07-21T03:00:00+02:00,0,7222,0,2993,4,4232,17,0
2025-07-21T06:00:00+02:00,8646,74335,0,1,0,65688,2,8646
2025-07-21T09:00:00+02:00,27464,71046,0,2,0,43581,1,27464
2025-07-21T12:00:00+02:00,53182,70197,296,191,0,17116,2,53182
